物种名	内容
棘皮桦	"10.黑桦（东北）棘皮桦（河北习见树木图说）图版28：10-12
    Betula dahurica Pall., Reise Prov. Russ. Reich. 3: 224. not. 321. 421. t. K k.fig. 4 a-b. 1776; Regel in Nouv. Mem. Nat. Moscou 13: 113. t. 8. fig. 36-39. t. 10. fig. 14 40. 1861. et Bull. Soc, Nat. Moscou 38 C2): 441. 1865. et DC., Prodr. 16 ( 2): 174. 1868. excl. var. .; Burk. in Journ. Linn. Soc. Bot. 26: 498. 1899; Kom. in Acta Horti Petrop. 22: 45. 1903; Schneid., Ill. Laubho-lzk. 1: 109. fig. 57. k-k. 60 p. 1904. et Sarg., Pl. Wils,. 2: 483. 1916; H. Winkl. in Engler, Pflanzenreich 19 ( IV 61): 86. 1904; Nakai in Journ. Coll. Sci. Tokyo 31: 203. 1911. et Bot. Mag. Tokyo 29: 42. 1915; Chun, Econ. Trees China 78. 1921; Rehd. in Journ. Arn. Arb. 4: 155. 1923. et Man. Cult. Trees and Shrubs ed. 2. 132. 1940;胡先骕, 中国植物图谱3: 图107. 1933; 中国森林树木图志2: 35. 图版14. 1948;周汉藩, 河北习见树木图说99.图33. 1934; Кузенева.CCCP 5: 290. Табл. 14. рнс. 5-5a. 5b. 1936;　陈嵘, 中国树木分类学151.1937; 刘慎谔, 东北木本植物图志196. 图版67. 图94. 图版68. 2. 3. 图1-8. 1955.,Ohwi, Fl. Jap. 373. 1965;中国高等植物图鉴1: 389.图778. 1972. ——Betula maximowiczii Rupr. in Bull. Acad. Sci. St. Petersb. 15: 139, 1856, 15: 379. 1857. Betula maackii Rupr., l. c. 380. 1857. ——Betula dahurica Pall. var. tiliaefolia, var. oblongifolio, var. ovalifolia Liou,文献同上196. 图版67. 图95-96. 图版68. 2. 3. 图9-11图版69. 图97. 1955. 
    乔木，高6-20米；树皮黑褐色，龟裂；枝条红褐色或暗褐色，光亮，无毛；小枝红褐色，
疏被长柔毛，密生树脂腺体。叶厚纸质，通常为长卵形，间有宽卵形、卵形、菱状卵形或椭
圆形，长4-8厘米，宽3.5-5厘米，顶端锐尖或渐尖，基部近圆形、宽楔形或楔形，边缘具
不规则的锐尖重锯齿，上面无毛，下面密生腺点，沿脉疏被长柔毛，脉腋间具簇生的髯毛，
侧脉6-8对；叶柄长约5-15毫米，疏被长柔毛或近无毛。果序矩圆状圆柱形，单生，直
立或微下垂，长2-2.5厘米，直径约l厘米；序梗长约5-12毫米，疏被长柔毛或几无毛，
有时具树脂腺体；果苞长约5.-T6毫米，背面无毛，边缘具纤毛，基部宽楔形，上部三裂，中裂片矩圆形或披针形，顶端钝，侧裂片卵形或宽卵形，斜展，横展至下弯，比中裂片宽，与之等长或稍短。小坚果宽椭圆形，两面无毛，膜质翅宽约为果的1/2。
    产于黑龙江、辽宁北部、吉林东部、河北、山西、内蒙古。生于海拔400-1300米干燥、
土层较厚的阳坡、山顶石岩上、潮湿阳坡、针叶林或杂木林下。苏联、蒙古东部、朝鲜、日本也有。模式标本采自苏联。 
    木材质重，心材红褐色，边材淡黄色，可做火车车厢、车轴、车辕、胶合板、家具、枕木及建筑用材。"
核桃楸	
大叶白蜡	"19. 花曲柳（东北，东北木本植物图志）大叶白蜡树（中国树木分类学），大叶梣（河北习见树木图说）图版9:1-4
        Fraxinus rhynchophylla Hance in Journ. Bot. 7: 164. 1869; V. Vassil. in Fl. URSS. 18: 489, f. 25, 9. 1952; 东北木本植物图志466. 1955; 秦岭植物志1(4): 70.  1983. ——F. chinensis Roxb. var. rhynchophylla (Hance) Hemsl. in Journ. Linn. Soc.  Bot. 26: 86. 1889; Lingelsh. in Engl. Pflanzenr. 72(IV-243): 29, f. 8, B-C. 1920; 周汉藩, 河北习见树木图说216, 图138. 1934; 陈嵘, 中国树木分类学1059, 图942. 1937.——F. hopeiensis Tang in Bull. Fan Mem. Inst, Biol. 2:101. 1931; 陈嵘, 中国树木分类学1060, 图943. 1937; 华北树木志571, 图605. 1984. ——F. obovata auct. non Bl. 1850: S. S. Sun in Bull. Bot. Res. 8(1): 56. 1988.
        落叶大乔木，高12-15米，树皮灰褐色，光滑，老时浅裂。冬芽阔卵形，顶端尖，黑褐色，具光泽，内侧密被棕色曲柔毛。当年生枝淡黄色，通直，无毛，去年生枝暗褐色，皮孔散生。羽状复叶长15-35厘米；叶柄长4-9厘米，基部膨大；叶轴上面具浅沟，小叶着生处具关节，节上有时簇生棕色曲柔毛；小叶5-7枚，革质，阔卵形、倒卵形或卵状披针形，长3-11（-15） 厘米，宽2-6（-8）厘米，营养枝的小叶较宽大，顶生小叶显著大于侧生小叶，下方1对最小，先端渐尖、骤尖或尾尖，基部钝圆、阔楔形至心形，两侧略歪斜或下延至小叶柄，叶缘呈不规则粗锯齿，齿尖稍向内弯，有时也呈波状，通常下部近全缘，上面深绿色，中脉略凹入，脉上有时疏被柔毛，下面色淡，沿脉腋被白色柔毛，渐秃净，细脉在两面均凸起；小叶柄长0.2-1.5厘米，上面具深槽。圆锥花序顶生或腋生当年生枝梢，长约10厘米；花序梗细而扁，长约2厘米；苞片长披针形，先端渐尖，长约5毫米，无毛，早落；花梗长约5毫米；雄花与两性花异株；花萼浅杯状，长约1毫米，萼毛三角形无毛；无花冠；两性花具雄蕊2枚，长约4毫米，花药椭圆形，长约3毫米，花丝长约1毫米，雌蕊具短花柱，柱头2叉深裂；雄花花萼小，花丝细，长达3毫米。翅果线形，长约3.5厘米，宽约5毫米，先端钝圆、急尖或微凹，翅下延至坚果中部，坚果长约1厘米，略隆起；具宿存萼。花期4-5月，果期9-10月。
        产于东北和黄河流域各省。生山坡、河岸、路旁，海拔1 500米以下。苏联、朝鲜也有分布。模式标本采自河北北部。
        本种对气候、土壤要求不严，木材质地坚韧，纹理美丽而略粗，各地常引种栽培，作行道树和庭园树；树皮供药用。见于长江流域各省，福建、云南和西藏也有栽培。
        唐进在1931年根据采自北京妙峰山的标本（花具花冠），发表河北白蜡树F. hopeiensis Tang。但是C. K. Schneider、中井猛之进等都提到本种的两性花有时具花冠裂片2-4枚，是异常生理现象，我国一些学者也在妙峰山作过观察，证明确实存在这现象，认为应予以归并。又日本产的F. japonica Bl. ex K. Koch，树皮称“秦皮”，用以治眼病；在形态上与本种难以区别，近年来一些日本学者主张将它与本种合并。
        Rlume 根据一份栽种在日本的植物标本，发表了F. obovata Bl. (in Mus. Bot. Lugd. fat. 1:311．1850)，该标本是一片无花无果的羽状复叶。Lingel sheim 于1920年写梣属专著时认为不是本属植物。中池敏之于1972年作为 F. longicuspis Sieb. &Zucc. 的异名处理。孙三省近来在吉林野外观察时，根据花曲柳树干基部萌生枝条上的叶片，很象中井猛之进和小泉源一在《大日本树木志》中所仿该标本的图，1988年在《植物研究》三卷1期上主张起用这废弃已久的学名，谨志于此。"
辽东栎	"18. 辽东栎（河北习见树木图说）辽东柞（中国树木分类学）柴树 图版74: 3
        Quercus wutaishanica Mayr, Fremdl. Wald-u. Parkbaume fur. Europa 504. 1906; G. Menits. in Nov. Syst. Pl. Vas. 10: 115. 1993.——Q. liaotungensis Koidz. in Bot. Mag. Tokyo 26: 166. 1912; A. Camus, Chenes 2: 145. 1938-39. Atlas 2. Pl. 100. f. 1-21. 1935-36; 陈嵘, 中国树木分类学197. 1937; 东北木本植物图志222. 1955; 中国高等植物图鉴1: 461.图922. 1972;秦岭植物志1(2): 80.图71. 1974;河南植物志1: 253.图309. 1981;中国树木志2: 2342.图1179, 3. 1985; 黑龙江树木志208.图53, 3. 1986; 辽宁植物志, 上册: 263. 1988.——Q. mongolica var. liaotungensis (Koidz.) Nakai in Bot. Mag. Tokyo 29: 58. 1915. 
        落叶乔木，高达15米，树皮灰褐色，纵裂。幼枝绿色，无毛，老时灰绿色，具淡褐色圆形皮孔。叶片倒卵形至长倒卵形，长5-17厘米，宽2-10厘米，顶端圆钝或短渐尖，基部窄圆形或耳形，叶缘有5-7对圆齿，叶面绿色，背面淡绿色，幼时沿脉有毛，老时无毛，侧脉每边5-7 (-10) 条；叶柄长2-5毫米，无毛。雄花序生于新枝基部，长5-7厘米，花被6-7裂，雄蕊通常8；雌花序生于新枝上端叶腋，长0.5-2厘米，花被通常6裂。壳斗浅杯形，包着坚果约1/3，直径1.2-1.5厘米，高约8毫米；小苞片长三角形，长1.5毫米，扁平微突起，被稀疏短绒毛。坚果卵形至卵状椭圆形，直径1-1.3厘米，高1.5-1.8厘米，顶端有短绒毛；果脐微突起，直径约5毫米。花期4-5月，果期9月。
        产黑龙江、吉林、辽宁、内蒙古、河北、山西、陕西、宁夏、甘肃、青海、山东、河南、四川等省区。在辽东半岛常生于低山丘陵区，在华北地区常生于海拔600-1 900米的山地，在陕西和四川北部可达海拔2 200-2 500米，常生于阳坡、半阳坡，成小片纯林或混交林。朝鲜北部也有分布。
        木材结构较粗，边材黄褐色，心材深褐色，气干密度0.83克/立方厘米，叶含蛋白质17.97％，种子含淀粉51.3％，单宁8.3％；叶可饲柞蚕，种子可酿酒或作饲料。"
山桃	"4．山桃草属Gaura L.
    Linn. Sp. Pl. 1: 347. 1753; et Gen. Pl. ed. 5. 163. 1754; Benth. et Hook. f., Gen. Pl. 1: 793. 1865; Engl. et Prantl in Engl. Nat. Pflanzenfam. 2 (7): 218. 1893; Raven et Gregory in Mem. Torrey Bot. Club 23 (1): 9. 1972. 
    一年生、二年生或多年生草本，有时近基部木质化。叶具基生叶与茎生叶，基生叶较大，排成莲座状，向着基部渐变狭成具翅的柄；茎生叶互生，具柄或无柄，向上逐渐变小，全缘或具齿。花序穗状或总状。花常4数，稀3数，两侧对称，花瓣水平地排向一侧，雄蕊与花柱伸向花的另一侧，花常在傍晚开放，开放后一天内就凋谢；花管狭长，由花萼、花冠与花丝之一部分合生而成，其内基部有蜜腺，萼片4，花期反折，花后脱落；花瓣4，通常白色，受粉后变红色，具爪；雄蕊为萼片的2倍，近等长，每一花丝基部内面有1小的鳞片状附属体；花药常带红色，2药室间具药隔；子房4室，稀3室，每室有1枚胚珠，但并不都发育；花柱线形，被毛；柱头深4（稀3）裂，常高出雄蕊。蒴果坚果状，不开裂，具4 (-3)条棱。种子常卵状，柔软光滑。
    21种，产北美洲的墨西哥。我国栽培有3种，并逸为野生杂草。"
胡枝子	"亚族2. 胡枝子亚族 Subtrib. LESPEDEZINAE (Hutch.) Schubert 
    Schubert in Polhill et Raven, Adv. Leg. Syst. 1: 300. 1981. ——Lespedezeae Hutch. Gen. Fl. Pl. 1:486. 1964.
        植物体无钩状毛。小托叶缺，小叶（1-）3。荚果通常仅1荚节，有1种子。
        亚族模式属：胡枝子属 Lespedeza Mich.
        本亚族我国有4属。"
绒毛绣线菊	"18. 绒毛绣线菊 图版3：1-4
    Spiraea velutina Franch. Pl. Delav. 201. 1889. 
    灌木，高约2米；枝条开展，粗壮，幼时密被短柔毛，黄褐色，老时灰褐色；冬芽长卵形，先端渐尖，外面密被绒毛，有2枚外露鳞片。叶片卵形或卵状披针形，长3-8厘米，宽1.5-3.5厘米，先端急尖，基部楔形，边缘有粗单锯齿，少数有重锯齿，上面深绿色，有稀疏短柔毛，下面密被绢状长柔毛，尤其沿叶脉处较多；叶柄长3-5毫米，密被长柔毛。复伞房花序着生在侧生小枝顶端，直径4-7厘米，在果期有时达14厘米，多花，被细长柔毛；花梗长5-7毫米；苞片线状披针形或卵状披针形，两面具长柔毛；花直径5-6毫米；萼筒钟状，内外两面被短柔毛；萼片三角形，先端急尖；花瓣几圆形，先端钝，长2-3毫米，宽几与长相等，白色；雄蕊20，长于花瓣；花盘圆环形，有10个肥厚裂片，裂片先端常微凹；子房密被灰白色短柔毛，花柱短于雄蕊。蓇葖果开张，全体被短柔毛，花柱顶生，稍倾斜开展，常具反折萼片。花期5-6月，果期8-10月。
    产云南、西藏。在杂木林内常见，也生于山坡或沟边，海拔2500米。模式标本采自云南鹤庆。
    本种和南川绣线菊 S. rosthornii Pritz. 的区别在于冬芽外被绒毛，叶片边缘有单锯齿或重锯齿。"
山杏	"2．山杏（东北木本植物图志）西伯利亚杏（中国树木分类学），西伯日-归勒斯（蒙语）
        Armeniaca sibirica (L.) Lam. Encycl. Meth. Bot. 1: 3. 1783: DC. Prodr. 532. 1825; Kost. in Kom. Fl. URSS 10:590. pl. 38. f. 4. 1941: 东北木本植物图志317. 图版 110. 图232. 1955; 俞德浚, 中国果树分类学47. 图15. 1979. ——Prunus sibirica L. Sp. Pl. 474. 1753; Schneid. Ill. Handb. Laubh. 1:636. f. 349c. 350g-h. 1906;陈嵘,  中国树木分类学466. 1937;中国高等植物图鉴2: 306. 图2342. 1972;内蒙古植物志3: 125. 图版65. 图1-5. 1977. ——Prunus armeniaca L. var. sibirica (L.) K. Koch, Dendr. 1: 88. 1869: Maxim. in Bull. Acad. Sci. St. Petersb. 29: 86. 1883.     灌木或小乔木，高2-5米；树皮暗灰色；小枝无毛，稀幼时疏生短柔毛，灰褐色或淡红褐色。叶片卵形或近圆形，长（3）5-10厘米，宽（2.5）4-7厘米，先端长渐尖至尾尖，基部圆形至近心形，叶边有细钝锯齿，两面无毛，稀下面脉腋间具短柔毛；叶柄长2-3.5厘米，无毛，有或无小腺体。花单生，直径1.5-2厘米，先于叶开放；花梗长1-2毫米；花萼紫红色；萼筒钟形，基部微被短柔毛或无毛；萼片长圆状椭圆形，先端尖，花后反折；花瓣近圆形或倒卵形，白色或粉红色；雄蕊几与花瓣近等长；子房被短柔毛。果实扁球形，直径1.5-2.5厘米，黄色或桔红色，有时具红晕，被短柔毛；果肉较薄而干燥，成熟时开裂，味酸涩不可食，成熟时沿腹缝线开裂；核扁球形，易与果肉分离，两侧扁，顶端圆形，基部一侧偏斜，不对称，表面较平滑，腹面宽而锐利；种仁味苦。花期3-4月，果期6-7月。
        产黑龙江、吉林、辽宁、内蒙古、甘肃、河北、山西等地。生于干燥向阳山坡上、丘陵草原或与落叶乔灌木混生，海拔700-2000米。蒙古东部和东南部、苏联远东和西伯利亚也有。
        本种耐寒（可达一50°C 低温），又抗旱，可作砧木，是选育耐寒杏品种的优良原始材料。种仁供药用，可作扁桃的代用品，并可榨油。我国东北和华北地区大量生产种仁，供内销和出口。"
金花忍冬	"65. 金花忍冬（中国北部植物图志）黄花忍冬（东北木本植物图志）
    Lonicera chrysantha Turcz. in Bull. Soc. Nat. Mosc. 11: 93. 1838, nom. nud., et ex Ledeb. Fl. Ross. 2 (1): 388. 1844; 郝景盛, 中国北部植物图志3: 45, 图16. 1934; 刘慎谔等, 东北木本植物图志516, 图版 CLXVII, 417 及 CLXVIII, 1-8. 1955; 中国高等植物图鉴4: 293, 图6000. 1975; 徐炳声、王汉津, 植物分类学报22 (1): 28. 1984. ——L. xylosteum Linn. β. chrysantha Regel in Bull. Phys. -Math. Acad. Sci. St. Petersb. 15: 221. 1857, quoad basionym. ——Caprifolium chrysanthum O. Ktze, Rev. Gen. Pl. 1: 274. 1891. ——L. chrysantha Turcz. var. longipes Maxim. in Bull. Acad. Sci. St. Petersb. 24 (in Mel. Biol. 10: 68): 44. 1878. 
    落叶灌木，高达4米；幼枝、叶柄和总花梗常被开展的直糙毛、微糙毛和腺。冬芽卵状披针形，鳞片5-6对，外面疏生柔毛，有白色长睫毛。叶纸质，菱状卵形、菱状披针形、倒卵形或卵状披针形，长4-8 (-12) 厘米，顶端渐尖或急尾尖，基部楔形至圆形，两面脉上被直或稍弯的糙伏毛，中脉毛较密，有直缘毛；叶柄长4-7毫米。总花梗细，长1.5-3 (-4) 厘米；苞片条形或狭条状披针形，长2.5 (-8) 毫米，常高出萼筒；小苞片分离，卵状矩圆形、宽卵形、倒卵形至近圆形，长约1毫米，为萼筒的1/3-2/3；相邻两萼筒分离，长2-2.5毫米，常无毛而具腺，萼齿圆卵形、半圆形或卵形，顶端圆或钝；花冠先白色后变黄色，长 (0.8-) 1-1.5 (-2) 厘米，外面疏生短糙毛，唇形，唇瓣长2-3倍于筒，筒内有短柔毛，基部有1深囊或有时囊不明显；雄蕊和花柱短于花冠，花丝中部以下有密毛，药隔上半部有短柔伏毛；花柱全被短柔毛。果实红色，圆形，直径约5毫米。花期5-6月，果熟期7-9月。
    产黑龙江南部、吉林东部、辽宁南部、内蒙古南部、河北、山西、陕西、宁夏和甘肃的南部、青海东部、山东（泰山）、江西（庐山）、河南西部、湖北（武当山）及四川东部（巫山）和北部。生于沟谷、林下或林缘灌丛中，海拔250-2000米，在四川、甘肃和青海可达3000米。朝鲜北部和苏联西伯利亚东部也有分布。"
卫矛	"5.卫矛亚目——CELASTRINEAE
    木本。花具花萼和花瓣，辐射对称；通常具花盘；雄蕊2-1轮；心皮通常少于花基数    
    本亚目我国有6科。"
毛叶丁香	
毛榛	"7．毛榛（东北木本植物图志）毛榛子、火榛子（东北）图版13：11-12
    Corylus mandshurica Maxim. et Rupr. in Bull. Acad. Sci. St. Petersb. 
15: 137. 1856; Burk. in Journ. Linn. Soc. Bot. 26: 505. 1899; Kom. in Acta
Horti Petrop. 22: 63. 1903; Schneid., Ill, Handb. Luabholzk: 1: 150. fig. 83
1-m. 87 d-f. 1904; Nakai in Journ. Coll. Sci. Univ. Tokyo 31: 206. 1911. et
in Bot. Mag. Tokyo 29: 36. 1915; Beргилия, фл. CCCP 5: 268. 1936; 刘慎谔, 
东北木本植物图志214.图版80.图119. 1955;中国高等植物图鉴 1: 398.图795. 1972. ——Corylus rostrata Ait. var. mandshurica (Maxim.) Regel in Acad. Sci. st. Petersb. 15: 221. 1857. ——Corylus sieboldiana Bl. var. mandshurica (Maxim. et Rupr.) Schneid. in Sarg., Pl. Wils. 2: 454. 1916;陈嵘, 中国树木分类学175. 1937; Ohwi, Fl. Jap. 372. 1965; 秦岭植物志1 (2): 59. 图47. 1974. 
    灌木，高31 4米；树皮暗灰色或灰褐色；枝条灰褐色，无毛；小枝黄褐色，被长柔毛，下部的毛较密。叶宽卵形、矩圆形或倒卵状矩圆形，长6-12厘米，宽4-9厘米，顶端骤尖
或尾状，基部心形，边缘具不规则的粗锯齿，中部以上具浅裂或缺刻，上面疏被毛或几无
毛，下面疏被短柔毛，沿脉的毛较密，侧脉约7对；叶柄细瘦，长1-3厘米，疏被长柔毛及
短柔毛。雄花序2-4枚排成总状；苞鳞密被白色短柔毛。果单生或2-6枚簇生，长3-6厘米；果苞管状，在坚果上部缢缩，较果长2-3倍，外面密被黄色刚毛兼有白色短柔毛，上部浅裂，裂片披针形；序梗粗壮，长1.5-2厘米，密被黄色短柔毛。坚果几球形，长约1.5厘米，顶端具小突尖，外面密被白色绒毛。
    产于黑龙江、吉林、辽宁、河北、山西、山东、陕西、甘肃东部、四川东部和北部。生于海拔400-1500米的山坡灌丛中或林下。朝鲜、苏联远东地区、日本也有。模式标本采自黑
龙江流域上游。
    种子可食。"
五角枫	"6. 色木槭（东北木本植物图志）水色树（中国树木分类学），地锦槭（中国高等植物图鉴），五角枫（华北经济植物志要），五角槭（江苏南部种子植物手册）图版19：1 
    Acrer mono Maxim. in Bull. Phys.-Math. Acad. Sc. St. Petersb. 15: 126 (in Mel. Biol. 2: 416. 1857) 1857; Fang in Contrib. Biol. Lab. Sc. Soc-China bot. ser. 11: 25. 1939.——A. pictum Thunb. Fl. Jap. 126. 1784, non Thunb. Nova Acta Reg. Soc. Sc. Upsal. 4: 40. 1783〔＝Kalapanax pictus (Thunb.) Na. kai]; Pax in Engl. Pflanzenreich 8 (IV. 163): 47, 1902.——A. pictum var. typicum subvar. mono (Maxim.) Maxim. in Bull. Acad. Sc. St. Petersb. 26: 443 (in Mel. Biol.10: 600. 1880) 1880; Pax in Engl. Pflanzenreich 8 (IV. 163): 47.1902.——A. pictum var. mono (Maxim.) Maxim. ex Franch. in Nouv. Arch. Mus.Hist.Nat.Paris 11.5: 229 (Pl. David. 2: 77. 1884) 1883.——A. lobelia subsp. pictum (Thunb.) Wesmael in Bull. Soc. Bot. Belg. 29: 56. 1890.——A. pictum var. parviflorum (Regel) Schneid. Ill. Handb. Laubh. 2: 225. f. 151. g. 1907. ——A. truncatum subsp. mono (Maxim.) E. Murr. Kalmia 1: 7. 1969. ——A.cappadocicum subsp. truncatum (Bunge) E. Murr. op. cit. 8: 5. 1977, pro parte. 
    落叶乔木，高达15-20米，树皮粗糙，常纵裂，灰色，稀深灰色或灰褐色。小枝细瘦，无毛，当年生枝绿色或紫绿色，多年生枝灰色或淡灰色，具圆形皮孔。冬芽近于球形，鳞片卵形，外侧无毛，边缘具纤毛。叶纸质，基部截形或近于心脏形，叶片的外貌近于椭圆形，长6-8厘米，宽9-11厘米，常5裂，有时3裂及7裂的叶生于同一树上；裂片卵形，先端锐尖或尾状锐尖，全缘，裂片间的凹缺常锐尖，深达叶片的中段，上面深绿色，无毛，下面淡绿色，除了在叶脉上或脉腋被黄色短柔毛外，其余部分无毛；主脉5条，在上面显著，在下面微凸起，侧脉在两面均不显著；叶柄长4-6厘米，细瘦，无毛。花多数，杂性，雄花与两性花同株，多数常成无毛的顶生圆锥状伞房花序，长与宽均约4厘米，生于有叶的枝上，花序的总花梗长l-2厘米，花的开放与叶的生长同时；萼片5，黄绿色，长圆形，顶端钝. 形，长2-3毫米；花瓣5，淡白色，椭圆形或椭圆倒卵形，长约3毫米；雄蕊8，无毛，比花瓣短，位于花盘内侧的边缘，花药黄色，椭圆形；子房无毛或近于无毛，在雄花中不发育，花，柱无毛，很短，柱头2裂，反卷；花梗长1厘米，细瘦，无毛。翅果嫩时紫绿色，成熟时淡黄色；小坚果压扁状，长1-1.3厘米，宽5-8毫米；翅长圆形，宽5-10毫米，连同小坚果长2-2.5厘米，张开成锐角或近于钝角。花期5月，果期9月。 
    产东北、华北和长江流域各省。生于海拔800-1500米的山坡或山谷疏林中。苏联西伯利亚东部、蒙古、朝鲜和日本也有分布。模式标本采自苏联西伯利亚东部。
    本种分布很广，用途很多，树皮纤维良好，可作人造棉及造纸的原料，叶含鞣质，种子
榨油，可供工业方面的用途，也可作食用，木材细密。可供建筑、车辆、乐器和胶合板等制
造之用。"
六道木	"8. 六道木属 Abelia R. Br. 
    R. Br. in Abel, Narr. Jour. China App. B, 376, t. 1818; Zabel in Mitt. Deutsch. Dendr. Ges. 2: 32. 1893. ——Linnaea Sect. II. Alielia (R. Br.) A. Braun et Vatke in Oesterr. Bot. Zeitschr. 22: 291. 1872, Pro parte; Fritsch in Engl. u. Prantl, Nat. Pflanzenfam. IV. 4: 166. 1891, pro parte. ——Zabelia (Rehd.) Makino in Makinoa 9: 175. 1948. 
      落叶或很少常绿灌木。冬芽小，卵圆形，具数对鳞片。叶对生，稀3枚轮生，全缘或齿牙或圆锯齿，具短柄，无托叶。具单花、双花或多花的总花梗顶生或生于侧枝叶腋，也有三歧分枝的聚伞花序或伞房花序；苞片2-4枚；花整齐或稍呈二唇形；萼筒狭长，矩圆形，萼檐5、4或2裂，裂片扁平，开展，狭矩圆形、椭圆形或匙形，具1、3或7条脉，宿存；花冠白色或淡玫瑰红色，筒状漏斗形或钟形，挺直或弯曲，基部两侧不等或一侧膨大成浅囊，4-5裂；雄蕊4枚，等长或二强，着生于花冠筒中部或基部，内藏或伸出，花药黄色，内向；子房3室，其中2室各具2列不育的胚珠，仅1室具1枚能育的胚珠，花柱丝状，柱头头状。果实为革质瘦果，矩圆形，冠以宿存的萼裂片；种子近圆柱形，种皮膜质；胚乳肉质，胚短，圆柱形。
      约20余种，分布于中国、日本、中亚及墨西哥。我国有9种。
      模式种：糯米条 A. chinensis R. Br. 
     本属植物花期长，开花后花萼裂片宿存增大，常变红色，经久不凋，植株耐寒，为庭园观赏佳品。"
小花溲疏	"系1．小花溲疏系 Ser. Parviflorae Zaikonn. in Бот. Жтрн. СССР 47 (2): 204. 1962 et Дейции-Декорат. Куст. (Моногр. Deutzia) 10. 1966——Ser. Glabratae Zaikonn. op. cit. 206. 1962 et 20. 1966.
    叶具柄或无柄。伞房花序多花；花瓣白色或粉红色；花丝全钻形或内轮的有时具齿；花药具长柄，长均超过花丝齿。
    本系的模式种：小花溲疏 D. parviflora Bge.
    本系有下列3种。"
青杨	"组3．青杨组——Sect. Tacamahaca Spach in Ann. Scti Nat. Bot. ser. 2. 15: 32. 1841. 
    树皮纵裂。芽大，富有粘质，有强烈的香味。叶上面绿色，下面通常白色，长短枝叶形状不同，基部楔形、圆形至浅心形，边缘不具半透明狭边；叶柄圆形或近四棱形，有沟槽，长短不等。雄蕊8-60，花药长椭圆形至球形；柱头2-4裂；花柱短或无。蒴果2-4 (5)瓣裂，花盘宿存。
    本组我国产和引种的计37种(1杂交种），29变种，11变型。"
落叶松	"2. 落叶松亚科——LARICOIDEAE Melchior et Werd.
    Melchior u. Werd. Engler's Syllab. Pflanzenfam. ed. 12. 1: 331. 1954.
    落叶或常绿乔木，有长枝和短枝；叶在长枝上螺旋状散生，在短枝上成簇生状；球果当年或第二至第三年成熟。
    本亚科共3属约20余种，我国产3属12种1变种，引人栽培3种。"
油松	"组4．油松组Sect. Pinus——Pinus sect. Taeda Spach, Hist. Nat. Veg. Phan. 11: 387. 1842.
    种子具有节的长翅。
    本组我国产9种9变种。另引入栽培14种2变种。"
蒿柳	"组28．蒿柳组——Sect. Vimen Dum. Bijdr. Natuurk. Wetensch. 1 (1): 56. 1825.——[Grex] Viminales Bluff et Fingerh. Comp. Fl. Germ. 2: 562. 1825, stat. indef. ——Sect. Viminales (Bluff et Fingerh.) Koch. Syn. Fl. Germ. 647. 1837; 刘慎谔等, 东北木本植物图志, 138. 1955. 
    乔木或灌木。具有较长的柔软枝条，一年生枝有毛。叶条形至披针形，上面深绿色，下面有银白色绢毛，或幼嫩时有丝状毛，后无毛，全缘，或边缘浅波状（稀具密齿如密齿柳S. characta Schneid.) ，常反卷，中脉高起。花序先叶开放或近同时开放，头状至圆柱形，无花序梗或有短梗；苞片2色，两面有白长毛；腺体1, 腹生；雄蕊2,离生，花药金黄色；子房被绢毛，无柄或有柄，花柱长，柱头2裂或叉开不裂。
    本组的模式种：蒿柳Salix vimknalis L.
    本组我国产8种，5变种。"
白桦	"5.白桦（东北）粉桦（东北），桦皮树（河北）图版25
     Betula platyphylla Suk. in Trav. Mus. Bot. Acad. Imp. Sci. St. Petersb. 8: 220. t. 3. 1911;Кузенева, фл. CCCP 5 ; 292. Tабл. 14. pmc. 3. 1936; Hara in Journ. Jap. Bot. 13: 384. 1937; Rehd. in Journ. Arn. Arb. 20: 410. 1939; 刘慎谔, 东北木本植物图志196.图版69. 图98. 图版70. 2.图1-6. 1955; 中
国高等植物图鉴1: 388. 图776. 1972;秦岭植物志1 (2): 55. 图42. 1974.——Betula alba L. subsp. 4. latifolioa tauschii Regel in Bull. Soc. Nat. Moscou 38 (2): 399. t. 7. fig. 11-14. 1865.——Betula alba subsp. 3. 7nandshurica Regel, l. c. fig. 15. 1865. ——Betula latifolza Kom. in Acta Horti Petrop. 22: 38. 1903. ——Betula japanica Sieb. ex H. Winkl. in Engler, Pflenzenreich 19 (IV-61): 78. 1904. ——Betula japonica Sieb. var. mandshurica (Regel) H. Winkl. l. c. ——Betula mandshurica (Regel) Nakai in Bot. Mag. Tokyo 29: 42. 1915; 刘慎谔, 文献同上197. 图版69. 图99. 图版70. 3. 图1-7. 1955. ——Betula japonica Sieb. var. rockii Rehd., l. c. 9: 25. 1928.——Betula japonica Sieb. var. szechuanica Schneid., l. c. 3: 454. 1917 .——Betula platyphylla Suk. var. mandshuriPa (Regel) Hara, l. c.;胡先骕, 中国森林树木图志2: 37.图版15.图1-5. 1948.——Betula　platyphyla Suk. var. szechuanica (Schneid.) Rehd., l. c. 20: 311. 1939; 胡先骕, 中国森林树木图志2: 37.图版15.图1-5. 1948. 2: 39. 图版15. 图7. 1948. ——Betula szechuanica (Schneid.) Jans. in Acta Horti Gotoburg. 25: 113. fig. 4-7. 1962. ——Betula verrucosa Ehrh. var. platyphylla (Suk.) Lindq. ex Jans., l. c. 124. fig. 12-14. 1962.  
    乔木，高可达27米；树皮灰白色，成层剥裂；枝条暗灰色或暗褐色，无毛，具或疏或密
的树脂腺体或无；小枝暗灰色或褐色，无毛亦无树脂腺体，有时疏被毛和疏生树脂腺体。叶
厚纸质，三角状卵形，三角状菱形，三角形，少有菱状卵形和宽卵形，长3-9厘米，宽2-
7.5厘米，顶端锐尖、渐尖至尾状渐尖，基部截形，宽楔形或楔形，有时微心形或近圆形，边缘具重锯齿，有时具缺刻状重锯齿或单齿，上面于幼时疏被毛和腺点，成熟后无毛无腺点，
下面无毛，密生腺点，侧脉5-7(-8)对；叶柄细瘦，长1-2.5厘米，无毛。果序单生，圆
柱形或矩圆状圆柱形，通常下垂，长2-5厘米，直径6-14毫米；序梗细瘦，长1-2.5厘
米，密被短柔毛，成熟后近无毛，无或具或疏或密的树脂腺体；果苞长5-7毫米，背面密被
短柔毛至成熟时毛渐脱落，边缘具短纤毛，基部楔形或宽楔形，中裂片三角状卵形，顶端渐
尖或钝，侧裂片卵形或近圆形，直立、斜展至向下弯，如为直立或斜展时则较中裂片稍宽且
微短，如为横展至下弯时则长及宽均大于中裂片。小坚果狭矩圆形、矩圆形或卵形，长1.5
-3毫米，宽约1-1.5毫米，背面疏被短柔毛，膜质翅较果长1 /3，较少与之等长，与果等
宽或较果稍宽。
    产于东北、华北、河南、陕西、宁夏、甘肃、青海、四川、云南、西藏东南部。生海拔4004100米的山坡或林中，适应性大，分布甚广，尤喜湿润土壤，为次生林的先锋树种。我国大、小兴安岭及长白山均有成片纯林，在华北平原和黄土高原山区、西南山地亦为阔叶落
叶林及针叶阔叶混交林中的常见树种。苏联远东地区及东西伯利亚、蒙古东部、朝鲜北
部、日本也有。模式标本采自苏联远东地区。
    木材可供一般建筑及制作器、具之用，树皮可提桦油，白桦皮在民间常用以编制日用器
具。本种易栽培，可为庭园树种。
    本种是亚洲东部的一个广布树种，由于该种形态上的复杂变异，致使长期以来在命名
上引起许多分歧意见。Hara (1937) ,Rehder (1939)均对本种的分类做过专门的研究，
C. A. Janson（1962）还专门著文讨论。我们对产于我国的大量白桦标本进行了研究，
认为，即使从地理上划分为区域性的种下等级，也是无法鉴别的。因此把分布于我国东
北、华北、西北、西南及分布在苏联远东及东西伯利亚地区、蒙古、朝鲜、日本等地的该类群植物均定为Betula platyphylla Suk. 。 由于其分布区域很广，形态变异也大，有待
于各有关学科的综合研究并对目前分类学上的划分进行检验。"
裂叶榆	"8. 裂叶榆（河北习见树木图说）青榆、大青榆、麻榆（河北），大叶榆、粘榆（东北），尖尖榆（山西翼城）图版109
        Ulmus laciniata (Trautv.) Mayr, Fremdl. Wald-u. Parkbaume fur. Europa 523. t. 243. 1906, pro parte; Schneid. in Sarg. Pl. Wilson. 3: 255. 1916; Chun, Chinese Econ. Trees 110. t. 41. 1921; Nakai Fl. Sylv. Kor. 19: 16. t. 2-3. 1932;周汉藩, 河北习见树木图说83.图48. 1934; Kom. Fl. URSS 5: 372. t. 20. f. 8. 1936; 陈嵘, 中国树木分类学211.图148. 1937; Rehd. Man. Cult. Trees and Shrubs ed. 2. 177. 1940; 东北木本植物图志230.图版85.图136. 1955; 仓田悟, 原色日本林业树木图鉴1: 118. t. 59. 1971; 中国高等植物图鉴1: 465.图930. 1972; 傅立国, 东北林学院学报1980(3): 15. 1980; 河南植物志1: 261. 图321. 1981; 内蒙古植物志1: 244.图72(1-2). 1985;河北植物志1: 27.图232. 1986;辽宁植物志, 上册: 268.图104(7). 1988; 山西植物志1: 300.图版181. 1992. ——U. montana With. var. laciniata Trautv. in Mem. Sav. Acad. Sci. St. Petersb. Sav, Etrang 9: 246. 1859. ——U. major Hopen. var. heterophylla Maxim. et Rupr. in Bull. Phys. -Math. Acad. Sci. St. Petersb. 15: 376. 1856. ——U. laciniata (Trautv.) Mayr f. holophylla Nakai Fl. Sylv. Kor. 19: 18. t. 4. 1932. 
        落叶乔木，高达27米，胸径50厘米；树皮淡灰褐色或灰色，浅纵裂，裂片较短，常翘起，表面常呈薄片状剥落；一年生枝幼时被毛，后变无毛或近无毛，二年生枝淡褐灰色、淡灰褐色或淡红褐色，小枝无木栓翅；冬芽卵圆形或椭圆形，内部芽鳞毛较明显。叶倒卵形、倒三角状、倒三角状椭圆形或倒卵状长圆形，长7-18厘米，宽4-14厘米，先端通常3-7裂，裂片三角形，渐尖或尾状，不裂之叶先端具或长或短的尾状尖头，基部明显地偏斜，楔形、微圆、半心脏形或耳状，较长的一边常覆盖叶柄，与柄近等长，其下端常接触枝条，边缘具较深的重锯齿，叶面密生硬毛，粗糙，叶背被柔毛，沿叶脉较密，脉腋常有簇生毛，侧脉每边10-17条，叶柄极短，长2-5毫米，密被短毛或下面的毛较少。花在去年生枝上排成簇状聚伞花序。翅果椭圆形或长圆状椭圆形，长1.5-2厘米，宽1-1.4厘米，除顶端凹缺柱头面被毛外，余处无毛，果核部分位于翅果的中部或稍向下，宿存花被无毛，钟状，常5浅裂，裂片边缘有毛，果梗常较花被为短，无毛。花果期4-5月。
       分布黑龙江、吉林、辽宁、内蒙古、河北、陕西、山西及河南。生于海拔700-2 200米地带之山坡、谷地、溪边之林中。前苏联、朝鲜、日本也有分布。
       边材黄色或淡褐黄色，心材暗红灰褐色；木材纹理直或斜行，重量及硬度适中。可供家具、车辆、器具、造船及室内装修等用材。
        本种叶面密生硬毛，粗糙，小枝无毛，与同一分布区的大果榆  U. macrocarpa Hance
相同。在有花、有果及裂叶榆叶端3-7裂的情况下，两者极易鉴别，反之易于混淆。其区别在于本种的叶柄极短，长2-5毫米，叶的基部常明显地偏斜，较长的一边常覆盖叶柄，与柄近等长，其下端常接触枝条，二年生枝淡褐灰色、淡灰褐色或淡红褐色。"
蒙椴	"12.蒙椴（东北木本植物图志）小叶椴，白皮椴，米椴
        Tilia mongolica Maxim. in Bull. Acad. Sci. Petersb. 26: 433. 1880, in Mel. Biol. 10: 585 1880;胡先骕?陈焕镛, 中国植物图谱4:30. 图版180. 1935. 东北木本植物图志419. 图版134. 图325. 1955；中国高等植物图鉴2: 792. 图3313. 1972.
          乔木，高10米，树皮淡灰色，有不规则薄片状脱落；嫩枝无毛，顶芽卵形，无毛。叶阔卵形或圆形，长4-6厘米，宽3.5-5.5厘米，先端渐尖，常出现3裂，基部微心形或斜截形，上面无毛，下面仅脉腋内有毛丛，侧脉4-5对，边缘有粗锯齿，齿尖突出；叶柄长2-3.5厘米，无毛，纤细。聚伞花序长5-8厘米，有花6-12朵，花序柄无毛；花柄长5-8毫米，纤细；苞片窄长圆形，长3.5-6厘米，宽6-10毫米，两面均无毛，上下两端钝，下半部与花序柄合生，基部有柄长约1厘米；萼片披针形，长4-5毫米，外面近无毛；花瓣长6-7毫米；退化雄蕊花瓣状，稍窄小；雄蕊与萼片等长；子房有毛，花柱秃净。果实倒卵形，长6-8毫米，被毛，有棱或有不明显的棱。花期7月。
          产于内蒙古、河北、河南、山西及江宁西部。模式标本采自内蒙古南部。"
大花溲疏	"亚组2. 大花溲疏亚组 Subsect. Grandiflorae Rehd. in Sargent, Pl. Wils. 1: 21. 1911 et Man. Cult. Trees ＆ Shrubs 287. 1927; Schneid. Ill. Handb. Laubh. 2: 931. 1912; Nakai in Bot. Mag. Tokyo 35: 93. 1921 et Fl. Sylv. Kor. 15: 56. 1926; Engl. in Engl. u. Prantl, Nat. Pflanzenfam. Aufl. 2, 18a: 199. 1930. ——Sect. Deutzia Subsect. Stenosepalae Schneid. Ser. Grandiflorae (Rehd.) Krussmann, Handb. Laubgeh. 1, 6: 391. 1960; Zaikonn. Дейции-Декорат. Куст. (Моногр. Deutzia) 103. 1966. 
    单花或2-3花排成聚伞花序；花大；花萼裂片线状披针形或三角形，较萼筒长或近等长，果时宿存，外弯；雄蕊内外轮形状相同，花丝齿平展至下弯成钩状，稀上举，子房半下位。
    本亚组的模式种：大花溲疏 D. grandiflora Bge.
    本亚组有下列2种。"
小叶鼠李	"25. 小叶鼠李（东北木本植物图志）琉璃枝（河南），麻绿，叫驴子，刺（亨利氏中国植物名录），大绿（中国植物学杂志），黑格铃（内蒙古、河北）
    Rhamnus parvifolia Bunge, Enum. Pl. China Bor. 14. 1831; Schneid. Ill. Handb. Laubholzk. 2: 285, f. 192 i-1, 195 x-y. 1909; 陈嵘, 中国树木分类学742. 1937; J. Vass. in Not. Syst. Inst. Bot. Acad. Sci. URSS 8: 113. 1940; Grub. in Act. Inst. Bot. Acad. Sci. URSS ser. 1, 8: 333. 1949; 刘慎谔等, 东北木本植物图志405. 1955; 中国高等植物图鉴2: 761.图3252. 1972; H. L. Li, Fl. Taiw. 3: 659. 1977. ——R. poiymorphus Turcz. in Bull. Soc. Nat. Mosc. 15: 713. 1842. ——R. owiakensis Hayata, Ic. Pl. Formos. 6: 14. 1916.——R. globosa Bunge var. ziziphifolia Tang in Bull. Fan. Mem. Inst. Biol. 2: 101, 105. 1931. syn. nov. ——R. pianensis Kanehira, Formos. Trees rev. ed. 425, f. 382. 1936, nom. nud.——R. tumetica Grub. in Not. Syst. Inst. Bot. Acad. Sci. URSS 12: 129. 1950. syn. nov.
    灌木，高1.5-2米；小枝对生或近对生，紫褐色，初时被短柔毛，后变无毛，平滑，稍有光泽，枝端及分叉处有针刺；芽卵形，长达2毫米，鳞片数个，黄褐色。叶纸质，对生或近对生，稀兼互生，或在短枝上簇生，菱状倒卵形或菱状椭圆形，稀倒卵状圆形或近圆形，长1.2-4厘米，宽0.8-2(3)厘米，顶端钝尖或近圆形，稀突尖，基部楔形或近圆形，边缘具圆齿状细锯齿，上面深绿色，无毛或被疏短柔毛，下面浅绿色，干时灰白色，无毛或脉腋窝孔内有疏微毛，侧脉每边2-4条，两面凸起，网脉不明显；叶柄长4-15毫米，上面沟内有细柔毛；托叶钻状，有微毛。花单性，雌雄异株，黄绿色，4基数，有花瓣，通常数个簇生于短枝上；花梗长4-6毫米，无毛；雌花花柱2半裂。核果倒卵状球形，直径4-5毫米，成熟时黑色，具2分核，基部有宿存的萼筒；种子矩圆状倒卵圆形，褐色，背侧有长为种子4/5的纵沟。花期4-5月，果期6-9月。
    产黑龙江、吉林、辽宁、内蒙古、河北、山西、山东、河南、陕西。常生于向阳山坡、草丛或灌丛中，海拔400-2300米。蒙古、朝鲜、苏联西伯利亚地区也有分布。模式标本采自北京郊区。
    本种叶形及其大小常多变异，与甘青鼠李R. tangutica J. Vass.比较近似，但后者小枝无毛，有光泽，叶通常椭圆形或倒卵状椭圆形，下面干时常变黄色，与本种可以区别。本种与卵叶鼠李R. bungeana J. Vass.有时常被混淆，但后者叶卵形或卵状披针形，下面干时变黄色，沿脉和脉腋有白色短柔毛，种子背面有宽沟，与本种容易区别。Grubow发表的R. tumetica Grub.除植株较矮小，多分枝和叶较小外，其余性状与本种无显著的区别，应予以合并。该种可能是本种生于干旱多岩石山坡的一个矮小的类型。"
迎红杜鹃	"亚属4．迎红杜鹃亚属 Subgen. Rhodorastrum (Maxim.) C. B. Clarke in Hook. f. Fl. Brit. Ind. 3: 474. 1882. ——Sect. Rhodorastrum Maxim. Rhodod. Asiae Or. 15.  1870.——Ser. Dauricum sensu Hutch. in Stevenson, Spec. Rhodod. 224. 1930; David-ian, Rhodod. Spec. 1: 117. 1982.——Subsect. Rhodorastra (Maxim. ) Cullen in Not. Bot. Gard. Edinb. 36: 112. 1978 et in ibid. 39: 111. 1980. 
        小至中等大小的灌木，落叶或常绿、半常绿。幼枝有鳞片。叶下面被鳞片，鳞片相互邻接或覆瓦状，或相距为其直径的4倍。花序腋生或数个花芽聚生枝顶叶腋成假顶生，每芽1朵花；花萼不发育，长0.5-1毫米；花冠宽漏斗状，淡红色至紫红色，稀白色，外面无鳞片，稀疏生鳞片，被短柔毛；雄蕊10，花丝下部被短柔毛；子房5室，密被鳞片，无毛，花柱细长，劲直，洁净。蒴果小，长圆形。种子无翅。
          亚属的模式种：兴安杜鹃 Rhododendron dauricum L.
        本亚属通常被认为有2种，原苏联学者认为有4种（E. Bunch in Fl. URSS. 18: 46-55. 1952 ），分布亚洲东北部至朝鲜、日本。我国有2种。"
照山白	"亚组13．照山白亚组 Subsect. Micrantha (Hutch.) Sleumer in Bot. Jahrb. 74: 533. 1949. ——Ser. Micranthum sensu Hutch. in Stevenson, Spec. Rhodod. 500. 1930. 
        灌木，高可达3米。枝纤细，被鳞片。叶常绿，下面密被鳞片，或被不明显的蛛丝状毛。花序顶生，总状，多花，具有一明显的花序轴；花冠钟状，白色或黄色，外面被鳞片；雄蕊10，不等长；子房5室，密被鳞片，花柱伸直。蒴果小型，被鳞片。种子具突出的翅和鳍棱。
        亚组的模式种：照山白 Rhododendron micranthum Turcz.
        本亚组共3种，分布于我国和朝鲜。我国均产。"
胡桃楸	"组2. 胡桃楸组——Sect. 2. Cardiocaryon Dode in Bull. Soc. Dendr. France
11: 22. 1909. 
    芽被有黄褐色茸毛。羽状复叶具小叶7-25枚；小叶有锯齿，下面或多或少有柔毛或
星芒状毛或腺毛。雌花序具5-10花。花药有毛。果实被有密茸毛；果核基部不完全2
室，表面常多皱曲。"
华北落叶松	"8. 华北落叶松（中国树木分类学）落叶松（通用名），雾灵落叶松（东北木本植物图志）图版43：7-12
    Larix principis-rupprechtii Mayr, Fremdl. Wald-und Parkb. 309. f. 94-95. 1906; Beissn. in Mitt. Deutsch. Dendr Ges. 15: 96. 1906, et Handb. Nadelh. ed. 319. 1909; Fedde in Repert. Nov. Sp. 8: 90. 1910; Kitagawa in Rep. Inst. Sci. Res. Manch. 3 (1): 46. 1939, et in Journ. Jap. For. Soc. 24 (3): 118. 1924;郝景盛, 中国裸子植物志75. 1945,再版64. 1951;刘慎谔等, 东北木本植物图志83.图版2.图6. 1955; 郑万钧等, 中国树木学1: 170.图74 (6-9). 1961; Gaussen, Gymnosp. 512. 522. 525. 1966;中国科学院植物研究所, 中国高等植物图鉴1: 304.图607. 1972; Bobr. in Novit. Syst. Pl. Vascul. 9: 11. 1972. ——Larix dahurica var. principis-rupprechtii (Mayr) Rehd. et Wils. in Sarg. Pl. Wilson. 2: 21. 1914; Rehd. in Journ. Arn. Arb. 4: 121. 1923, et Man. Cult. Trees and Shrubs 52. 1927; 胡先骕、陈焕镛, 中国植物图谱1: 1.图版1. 1927; Beissn. u. Fitsch. Handb. Nadelh. ed. 3. 308. 1930. ——Larix gmelini var. principis-rupprechtii (Mayr) Pilger in Engler. u. Prantl, Pflanzenfam. ed. 2. 13: 327. 1926; Ostenf. and Syrach. L. in Pflanzenareale 2: 7. 1930, et in Biol. Meddel. Dansk Videsic. Selsk. 9 (2): 56. f. 19. 1930; 周汉藩, 河北习见树木图说6.图3. 1934,不包括东北及朝鲜的植物; 陈嵘, 中国树木分类学27.图17. 1937; Rehd. Man. cult. Trees and Shrubs ed. 2. 33. 1940, et Bibliogr. 30. 1949; Dallimore and Jackson, rev. Harrison, Handb. Conif. and Ginkgo. ed. 4. 302. 1966.——Larix wutingshanensis Liou et Wang,东北木本植物图志84. 547. 图版2. 图7; 1955, 陈嵘, 同上, 补编 2. 1957.
    乔木，高达30米，胸径1米；树皮暗灰褐色，不规则纵裂，成小块片脱落；枝平展，具不规则细齿；苞鳞暗紫色，近带状矩圆形，长0.8-l.2厘米，基部宽，中上部微窄，先端圆截形，中肋延长成尾状尖头，仅球果基部苞鳞的先端露出；种子斜倒卵状椭圆形，灰白色，具不规则的褐色斑纹，长3-4毫米，径约2毫米，种翅上部三角状，中部宽约4毫米，种子连翅长1-1.2厘米; 子叶5-7枚，针形，长约1厘米，下面无气孔线。花期4-5月，球果10月成熟。
    我国特产，为华北地区高山针叶林带中的主要森林树种。产于河北围场、承德、雾灵山海拔1400-1800米，东灵山、西灵山、百花山、小五台山、太行山（易县、涞源）海拔1900-2500米及山西五台山、芦芽山、管涔山、关帝山、恒山等高山上部海拔1800-2800米地带。常与白扦、青扦、棘皮桦、白桦、红桦、山杨及山柳等针阔叶树种混生，或成小面积单纯林。模式标本采自山西五台山。
    木材淡黄色或淡褐色，材质坚韧，结构致密，纹理直，含树脂，耐久用。可供建筑,桥梁, 电杆、舟车、器具、家具、木纤维工业原料等用。树干可割取树脂，树皮可提取栲胶。华北落叶松生长快，材质优良，用途大，对不良气候的抵抗力较强，并有保土、防风的效能，可作分布区内以及黄河流域高山地区及辽河上游高山地区的森林更新和荒山造林树种。"
黑桦	"亚组2. 黑桦亚组——Subsect. 2. Dahuricae Regel in DC., Prod. 16(2): 174. 1868. excl. B. urticifolia Schneid. ——Betula sect. Dahuricae Regel in Bull. Soc. Nat. Moscou 38: ( 2): 396. 1865; Kyzeneva, Фл. CCCP 5: 290. 1936. ——Betula sect. Eubetula subsect. Albae H. Winkl. in Engler, Pflanzenreich 19 ( IV-61): 74. 1904. ( non Regel 1865) p. p. min. ——Betula sect. Excelsae W. D. Koch subsect. Dahuricae Schneid. in Sarg., Pl. Wils. 2: 483. 1916; 胡先骕, 中国森林树木图志2: 6. 1948.
    乔木；树皮黑褐色，龟裂。果苞的中裂片通常比侧裂片窄而较之微长，侧裂片斜展、横
展至微下弯；小坚果之翅较果窄1/2左右。叶具侧脉6-8对。
     本亚组有下列1种。"
花曲柳	"19. 花曲柳（东北，东北木本植物图志）大叶白蜡树（中国树木分类学），大叶梣（河北习见树木图说）图版9:1-4
        Fraxinus rhynchophylla Hance in Journ. Bot. 7: 164. 1869; V. Vassil. in Fl. URSS. 18: 489, f. 25, 9. 1952; 东北木本植物图志466. 1955; 秦岭植物志1(4): 70.  1983. ——F. chinensis Roxb. var. rhynchophylla (Hance) Hemsl. in Journ. Linn. Soc.  Bot. 26: 86. 1889; Lingelsh. in Engl. Pflanzenr. 72(IV-243): 29, f. 8, B-C. 1920; 周汉藩, 河北习见树木图说216, 图138. 1934; 陈嵘, 中国树木分类学1059, 图942. 1937.——F. hopeiensis Tang in Bull. Fan Mem. Inst, Biol. 2:101. 1931; 陈嵘, 中国树木分类学1060, 图943. 1937; 华北树木志571, 图605. 1984. ——F. obovata auct. non Bl. 1850: S. S. Sun in Bull. Bot. Res. 8(1): 56. 1988.
        落叶大乔木，高12-15米，树皮灰褐色，光滑，老时浅裂。冬芽阔卵形，顶端尖，黑褐色，具光泽，内侧密被棕色曲柔毛。当年生枝淡黄色，通直，无毛，去年生枝暗褐色，皮孔散生。羽状复叶长15-35厘米；叶柄长4-9厘米，基部膨大；叶轴上面具浅沟，小叶着生处具关节，节上有时簇生棕色曲柔毛；小叶5-7枚，革质，阔卵形、倒卵形或卵状披针形，长3-11（-15） 厘米，宽2-6（-8）厘米，营养枝的小叶较宽大，顶生小叶显著大于侧生小叶，下方1对最小，先端渐尖、骤尖或尾尖，基部钝圆、阔楔形至心形，两侧略歪斜或下延至小叶柄，叶缘呈不规则粗锯齿，齿尖稍向内弯，有时也呈波状，通常下部近全缘，上面深绿色，中脉略凹入，脉上有时疏被柔毛，下面色淡，沿脉腋被白色柔毛，渐秃净，细脉在两面均凸起；小叶柄长0.2-1.5厘米，上面具深槽。圆锥花序顶生或腋生当年生枝梢，长约10厘米；花序梗细而扁，长约2厘米；苞片长披针形，先端渐尖，长约5毫米，无毛，早落；花梗长约5毫米；雄花与两性花异株；花萼浅杯状，长约1毫米，萼毛三角形无毛；无花冠；两性花具雄蕊2枚，长约4毫米，花药椭圆形，长约3毫米，花丝长约1毫米，雌蕊具短花柱，柱头2叉深裂；雄花花萼小，花丝细，长达3毫米。翅果线形，长约3.5厘米，宽约5毫米，先端钝圆、急尖或微凹，翅下延至坚果中部，坚果长约1厘米，略隆起；具宿存萼。花期4-5月，果期9-10月。
        产于东北和黄河流域各省。生山坡、河岸、路旁，海拔1 500米以下。苏联、朝鲜也有分布。模式标本采自河北北部。
        本种对气候、土壤要求不严，木材质地坚韧，纹理美丽而略粗，各地常引种栽培，作行道树和庭园树；树皮供药用。见于长江流域各省，福建、云南和西藏也有栽培。
        唐进在1931年根据采自北京妙峰山的标本（花具花冠），发表河北白蜡树F. hopeiensis Tang。但是C. K. Schneider、中井猛之进等都提到本种的两性花有时具花冠裂片2-4枚，是异常生理现象，我国一些学者也在妙峰山作过观察，证明确实存在这现象，认为应予以归并。又日本产的F. japonica Bl. ex K. Koch，树皮称“秦皮”，用以治眼病；在形态上与本种难以区别，近年来一些日本学者主张将它与本种合并。
        Rlume 根据一份栽种在日本的植物标本，发表了F. obovata Bl. (in Mus. Bot. Lugd. fat. 1:311．1850)，该标本是一片无花无果的羽状复叶。Lingel sheim 于1920年写梣属专著时认为不是本属植物。中池敏之于1972年作为 F. longicuspis Sieb. &Zucc. 的异名处理。孙三省近来在吉林野外观察时，根据花曲柳树干基部萌生枝条上的叶片，很象中井猛之进和小泉源一在《大日本树木志》中所仿该标本的图，1988年在《植物研究》三卷1期上主张起用这废弃已久的学名，谨志于此。"
土庄绣线菊	"28. 土庄绣线菊（东北木本植物图志）土庄花、石蒡子、小叶石棒子（河南土名），蚂蚱腿（东北木本植物图志），柔毛绣线菊（经济植物手册）
        Spiraea pubescens Turcz. in Bull. Soc. Nat. Moscou 5: 190. 1832; Nakai, Fl. Sylv. Kor. 4: 22. t. 10. 1916; Rehd. in Journ. Arn. Arb. 5: 169. 1924 & 13: 300. 1932; 陈嵘, 中国树木分类学488. 1937; 刘慎谔等, 东北木本植物图志284. 图版100: 195. 1955; 北京师范大学, 北京植物志上册382. 1962; 中国高等植物图鉴2: 177. 图2083. 1972. ——S. laucheana Koehne in Mitt. Deutsch. Dendr. Ges. 1899 (8): 56. 1899. nom. nud. ; Koehne ex Pojark. in Fl. URSS 9: 301. 1939. pro syn. ——S. ouensanensis Levl. in Fedde, Repert. Sp. Nov. 7: 197. 1909. 
     灌木，高1-2米；小枝开展，稍弯曲，嫩时被短柔毛，褐黄色，老时无毛，灰褐色；冬芽卵形或近球形，先端急尖或圆钝，具短柔毛，外被数个鳞片。叶片菱状卵形至椭圆形，长2-4.5厘米，宽1.3-2.5厘米，先端急尖，基部宽楔形，边缘自中部以上有深刻锯齿，有时3裂，上面有稀疏柔毛，下面被灰色短柔毛；叶柄长2-4毫米，被短柔毛。伞形花序具总梗，有花15-20朵；花梗长7-12毫米，无毛；苞片线形，被短柔毛；花直径5-7毫米；萼筒钟状，外面无毛，内面有灰白色短柔毛；萼片卵状三角形，先端急尖，内面疏生短柔毛；花瓣卵形、宽倒卵形或近圆形，先端圆钝或微凹，长与宽各2-3毫米，白色；雄蕊25-30，约与花瓣等长；花盘圆环形，具10个裂片，裂片先端稍凹陷；子房无毛或仅在腹部及基部有短柔毛，花柱短于雄蕊。蓇葖果开张，仅在腹缝微被短柔毛，花柱顶生，稍倾斜开展或几直立，多数具直立萼片。花期5-6月，果期7-8月。
        产黑龙江、吉林、辽宁、内蒙古、河北、河南、山西、陕西、甘肃、山东、湖北、安徽。生于干燥岩石坡地、向阳或半阴处、杂木林内，海拔200-2500米。蒙古、苏联和朝鲜也有分布。"
巧玲花	"系2．巧玲花系——Ser. Pubescentes (Schneid.) Lingelsh. in Engl. Pflanzenr. 72(IV-243): 84. 1920.——Subsect. Pubescentes Schneid. in Fedde, Rep. Sp. Nov. 9:80.  1910, nom. subnud. , Ill. Handb. Laubh. 2:775. 1911.——Subser. Pubescentes (Schneid. ) Rehd. in McKelvey, Lilac 11. 1928. 
        单叶，全缘，叶片下面多少被毛。花序常由侧芽抽生，基部常无叶；花直径约6毫米；花药紫色、紫黑色或黄色。果多数具皮孔。
        约4种，3亚种，2变种，1变型，我国均产，其中1种系栽培。"
骆驼刺	"100. 骆驼刺属 Alhagi Gagneb.
    Gagneb. in Act. Helvet. 2: 59. 1775.
    多年生草本或半灌木。单叶，全缘，具钻状托叶。花序总状，腋生；花冠红色或紫红色；每花具1苞片和2枚钻状小苞片；花萼钟状，5裂，萼齿近同形；旗瓣与龙骨瓣约等长；翼瓣较短，其与龙骨瓣皆具长瓣柄和短耳；雄蕊9+1两体，雄蕊管前端弯曲，花药同型；子房线形，无毛，胚珠多数，花柱丝状，与雄蕊共同弯曲，柱头头状。荚果为不太明显的串珠状，平直或弯曲，节间椭圆体形，不开裂。种子肾形或近正方形，彼此被横隔膜分开。2n＝16，28。
    属名模式：亚西骆驼刺 Hedysarum alhagi Linn. = Alhagi maurorum Medic. 产中亚至西亚。
    本属约5种。主要分布于北非、地中海、西亚、哈萨克斯坦、乌兹别克斯坦、土库曼斯坦、吉尔吉斯斯坦、塔吉克斯坦和乌克兰。我国目前仅知1种。
    本属植物具有重要的经济用途。幼嫩枝叶为骆驼的重要饲料，牛、羊等家畜亦喜食；也是重要的固沙植物，耐旱，根系能深达地下7-8米，从地下水层中吸收水分；在新疆吐鲁番地区，枝叶能分泌出糖类而凝结其上，干燥后经敲打而脱落，收集之即所谓“刺糖”，为维吾尔族重要民族用药，治疗神经性头痛。"
多枝柽柳	"10.多枝柽柳 红柳（甘肃河西和新疆）图版42: 1-5
      Tamarix ramosissima Ledeb. Fl. Alt. 1: 424, 1829.Gorschk. in Fl. URSS 15: 311, 1949;中国高等植物图鉴2: 894, 图3518, 1972。——T. pentandra Pall. Fl. Ross. 1 (2): 72, 1789. p. p. nom. illegit.
    灌木或小乔木状，高1-3（-6）米，老杆和老枝的树皮暗灰色，当年生木质化的生长枝淡红或橙黄色，长而直伸，有分枝，第二年生枝则颜色渐变淡。木质化生长枝上的叶披针形，基部短，半抱茎，微下延；绿色营养枝上的叶短卵圆形或三角状心脏形，长2-5毫米，急尖，略向内倾，几抱茎，下延。总状花序生在当年生枝顶，集成顶生圆锥花序，长3-5厘米，或较长，长6-8厘米，或较短，长0.5-1.5厘米，宽3-5毫米，总花梗长0.2-1厘米；苞片披针形，卵状披针形或条状钻形，卵状长圆形，渐尖，长1.5-2 (-2.8 )毫米，与花萼等长或超过花萼（包括花梗）；花梗长0.5-0.7毫米，短于或等于花萼；花5数；花萼长0.5-1毫米，萼片广椭圆状卵形或卵形，渐尖或钝，内面三片比外面二片宽，长0.5-0.7毫米，宽0.3-0.5毫米，边缘窄膜质，有不规则的齿牙，无龙骨；花瓣粉红色或紫色，倒卵形至阔椭圆状倒卵形，顶端微缺（弯），长1-1.7毫米，宽0.7-1毫米，比花萼长1/3，直伸，靠合，形成闭合的酒杯状花冠，果时宿存；花盘5裂，裂片顶端有或大或小的凹缺；雄蕊5，与花冠等长，或超出花冠1.5倍，花丝基部不变宽，着生在花盘裂片间边缘略下方，花药钝或在顶端具钝突起；子房锥形瓶状具三棱，花柱3，棍棒状，为子房长的1/3-1/4。蒴果三棱圆锥形瓶状，长3-5毫米，比花萼长3-4倍。花期5-9月。
    产西藏西部（据记载，未见标本）、新疆、青海（柴达木），甘肃（河西）、内蒙古（西
部至临河）和宁夏（北部）。生于河漫滩、河谷阶地上，沙质和粘土质盐碱化的平原上，沙丘上，每集沙成为风植沙滩。东欧、苏联（欧洲部分东南部到中亚、小亚）、伊朗、阿富汗和蒙古也有分布。
    本种是沙漠地区盐化沙土上、沙丘上和河湖滩地上固沙造林和盐碱地上绿化造林的优良树种。开花繁密而花期长，是最有价值的居民点的绿化树种。幼枝含单宁（8% ）。在灌溉地上，每成为田间杂草。枝条编筐用，二、三年生枝用作权齿，编耱，粗枝可用作农具把柄。嫩枝叶是羊和骆驼的好饲料。
    本种是分布最广的一种柽柳，是-个多型的种，变化颇大。它常与多花柽柳、细穗柽柳、刚毛柽柳和密花柽柳等发生天然杂交，更增加了它的变异。"
拐轴鸦葱	"1.拐轴鸦葱（植物分类学报）图版4：2
    Scorzonera divaricata Turcz. in Bull. Soc. Nat. Mosc. 5: 181. 1832; DC., Prodr. 7 (1): 125. 1838; Franch. in Nouv. Arch. Mus. Hist. Mat. Paris 2 (6): 69. 1883 (Pl. David. 1: 189, 1884); Maxim. in Mel. Biol. 12 (4): 736. 1887 et in Bull. Acad. Sc. Petersb. 32 (4): 493. 1888; Ling in Contr. Inst. Bot. Nat. Acad. Peiping 3: 209. 1935; Hand. -Mazz. in Act. Hort. Gothob. 12: 349. 1938; S. Y. Hu in Quart. Journ. Taiwan. Mus. 21 (1-2): 25, 1968; 内蒙古植物志6: 276. 1982; Shih in Act. Phytotax. Sin. 25 (1): 40. 1987; 黄土高原植物志5: 476, 1989.——S. divaricata Turcz. var. intricatissima Maxim. in Bull. Acad. Sc. St. Petersb. 32 (4): 494. 1888; Ling in Contr. Inst. Bot. Nat. Acad. Peiping 3: 292. 1935; S. Y. Hu in Quart. Journ. Taiwan Mus. 21 (1-2): 25. 1968; 内蒙古植物志6: 276. 1982.
    多年生草本，高20-70厘米。根垂直直伸，直径达4毫米，有时达1厘米。茎直立，自基部多分枝，分枝铺散或直立或斜升，全部茎枝灰绿色，被尘状短柔毛或脱毛至无毛，纤细，茎基裸露，无残存的鞘状残遗物。叶线形或丝状，长1-9厘米，宽1-2 (3-5)毫米，先端长渐尖，常卷曲成明显或不明显钩状，向上部的茎叶短小，全部叶两面被微毛或脱毛至无毛，平，中脉宽厚。头状花序单生茎枝顶端，形成明显或不明显的疏松的伞房状花序，具4-5枚舌状小花。总苞狭圆柱状，宽5-6毫米；总苞片约4层，外层短，宽卵形或长卵形，长约5毫米，宽约2. 5毫米，中内层渐长，长椭圆状披针形或线状长椭圆形，长1.2-2厘米，宽2.5-3.5毫米，顶端急尖或钝，或内层有时顶端短渐尖；全部苞外面被尘状短柔毛或果期变稀毛。舌状小花黄色。瘦果圆柱状，长约8.5毫米，有多数（约10条）纵肋，无毛，淡黄色或黄褐色。冠毛污黄色；其中3-5根超长、长达2.5厘米，在与瘦果连接处有蛛丝状毛环。全部冠毛羽毛状，羽枝蛛丝毛状，但冠毛的上部为细锯齿状。花果期5-9月。
    分布内蒙古（包头、阿拉善旗、呼和浩特、东苏尼特旗、扎萨克旗、二连）、河北（小五台山）、山西（天镇、兴县、五台、河曲、太原、宁武、临县、中阳、河曲、大同）、陕西（绥德、榆林、横山、神木、靖边、定远）。生于荒漠地带干河床、沟谷中及沙地中的丘间低地、固定沙丘上。蒙古有分布。模式标本采自蒙古。"
河西苣	
头状沙拐枣	"20.头状沙拐枣 图版31: 14
    Calligonum caput-medusae Schrenk, Enum. Pl. Nov. 1: 9. 1481; Pavl. in Fl. URSS 5: 593. 1936; Байт. и Павл. во Фл. Каэахст. 3: 144. 1960; 植物分类学报24 (2): 101. 1986.
    灌木，高1-3(4)米，自基部分枝，径通常2-8厘米。茎和老枝淡灰色或黄灰色，常有纵裂纹；幼枝灰绿色，节间长1-4厘米。叶线形，长约2毫米；叶鞘膜质，与叶合生。花2-3朵生叶腋，花被片卵圆形，长2-3毫米，紫红色，有淡色宽边，果时反折。果（包括刺）近球形，径10-30毫米，幼果黄绿色、红黄色或红色，成熟果成淡黄色、黄褐色或红褐色；瘦果椭圆形，扭转，肋凸起；刺每肋2行，基部稍扁，分离或稍连合，中下部或近基部2-3分叉，每叉又2-3次2-3分叉，末叉硬或较软，极密或较密，伸展交绢，或多或少掩藏瘦果。花期4-5月，果期5-6月；新疆吐鲁番栽培，8-9月为第二次花果期。
    甘肃、宁夏（中卫县沙坡头）和新疆（吐鲁番）自中亚引入栽培，为优良的固沙植物。
    国外标本的果实，刺极稠密，质硬。我国引入栽培后，果刺较疏而软，有明显的变异。文献记载我国新疆有该种分布。我国尚未采到标本。分布于哈萨克斯坦、土库曼斯坦。"
芦苇	"4．芦苇属*Phragmites Adans.
    Adans. Fam. Pl. 2: 34, 559. 1763; Boiss. Fl. Or. 5: 563. 1884.     多年生，具发达根状茎的苇状沼生草本。茎直立，具多数节；叶鞘常无毛；叶舌厚膜质，边缘具毛；叶片宽大，披针形，大多无毛。圆锥花序大型密集，具多数粗糙分枝；小穗含3-7小花，小穗轴节间短而无毛，脱节于第一外秤与成熟花之间；颖不等长，具3-5脉，顶端尖或渐尖，均短于其小花；第一外稃通常不孕，含雄蕊或中性，小花外稃向上逐渐变小，狭披针形，具3脉，顶端渐尖或呈芒状，无毛，外稃基盘延长具丝状柔毛，内稃狭小，甚短于其外稃；鳞被2，雄蕊3，花药长1-3毫米。颖果与其稃体相分离，胚小型。染色体小型，x＝6、12，2n＝24,36、48、96、38、44、46、49，为高多倍体或非整倍体。    属模式：芦苇Phragmites australis(Cav. )Trin. ex Steud.     有10余种，分布于全球热带、大洋洲、非洲、亚洲。芦苇是惟一的世界种。我国有3种。"
沙拐枣	"8．沙拐枣属Calligonum L.
    L. Sp. Pl. ed. 1. 530. 1753; Benth. et Hook. f. Gen. Pl. 3: 95. 1880.
    灌木或半灌木，高度差异极大，0.3-7米。多分枝，有木质化老枝和当年生幼枝两种；木质老枝灰白色、淡黄灰色、灰褐色或暗红色，或多或少扭曲；当年生幼枝较细，灰绿色，有关节，节间长1-4厘米，秋末时部分枯死脱落。叶对生，退化成线形或鳞片状，长1-7毫米，基部合生成分离，与托叶鞘连合，少数分离；托叶鞘膜质，淡黄褐色，极小。单被花，两性，单生或2-4朵生叶腋；花梗细，红色，淡红色或白色，具关节；花被片5深裂，裂片椭圆形，不相等，红色、淡红色或白色，背部中央通常色较深，呈暗红色、红色或绿色，果时不扩大，通常反折，少数平展；雄蕊12-18, 花丝基部连合；子房上位，具4肋，花柱较短；柱头4, 头状。瘦果，通常椭圆形或长卵形，直立或向左、右扭转；果皮木质，坚硬，具4条果肋和肋间沟槽；肋上生翅或刺，或窄翅上再生刺，极少在刺末端罩一层薄膜而呈泡状果。果实（包括翅或刺）近球形、椭圆形、卵形或长圆形，径7-30毫米不等。胚直立，胚乳白色。
    属模式种：Calligonum polygonoides L.
    本属分布于亚洲、欧洲南部和非洲北部。据记载有100余种，近几年经过一些学者的归并后，共计35种。我国有23种，产内蒙古、甘肃、宁夏、青海和新疆等地，其中以新疆最多，约占4/5。
    本属为良好的固沙植物，幼枝又为荒漠地区牲畜饲料。"
花花柴	"44. 花花柴属——Karelinia Less.
    Less., Linnaea 9: 187. 1834; DC., Prodr. 5: 375. 1836; Ledeb., Fl. Ross. 2: 478. 1844-46.——Pluchea O. Hoffm. in Engl. et Prantl., Pflanzenf. 4, 5: 176. 1894. p. p. 
    多年生草本，茎直立，多分枝。叶互生，全缘或基部浅裂，抱茎。头状花序较小，常排列成伞房状聚伞花序，有多数异型的小花，盘状，外缘有多层结果实的雌花，中央有多数不结果实的两性花（亦称雄花）。总苞长圆形或短圆柱形；总苞片多层，覆瓦状紧密排列，卵圆形至卵圆披针形，宽阔，坚韧，厚质，花托平，边缘收缩，有托毛。雌花花冠极细长，丝状，上端有3-4细齿，较花柱稍短；花柱纤细，分枝狭长，顶端稍尖。两性花花冠狭长管状，上部较宽大，上端有5裂片；花药顶端钝，基部无箭形的尾部；花柱纤细，有短硬毛，分枝短，直立，顶端截形。冠毛白色，多层，基部多少结合；雌花的冠毛纤细，有疏齿，两性花的冠毛上端较粗厚，有短糙毛。瘦果圆柱形，有4-5棱，无毛。
    本属仅有1种，分布于亚洲中部。
    此属有宽厚坚硬的总苞片，显然与阔苞菊属 Pluchea 有密切的亲缘关系，但因小花花冠极细长，花药基部无箭形长尾部，雌花花冠有4齿，瘦果无毛，冠毛纤细，雄花冠毛上端稍粗厚等特点，仍以在阔苞菊族内分别设立一属为适宜。"
油蒿	"178.牡蒿（名医别录）蔚（诗经），牡菣（尔雅），齐头蒿（唐?新修本草），水辣菜
（救荒本草），土柴胡（陆川本草），油蒿、花等草（吉林），布菜、铁菜子（河北、山东），日本牡蒿（河北、陕西），假柴胡、菊叶柴胡（广西），流水蒿、香蒿、茼蒿（四川、云南），鸡肉菜、脚板蒿（湖北、湖南），青蒿、香青蒿（上海），油艾（福建），花艾草、六月雪（浙江），熊掌草、白花蒿（江苏），细艾（湖北），匙叶艾（台湾），“胃痛灵”（瑶族土名）
    Artemisia japonica Thunb. Fl. Jap. 308. 1784: Willd. Sp. Pl. 3: 1847. 1800; Bess. in Bull. Soc. Nat. Mosc. 8: 50. 1835; DC. Prodr. 6: 100. 1837: Benth. Fl. Hongk. 196. 1861: Maxim. in Bull. Acad. Sci. Petersb 8: 526. 1872, incl. var. japonica. Maxim.; Franch. Pl. David. 1: 168. 1884: Forb. et Hemsl. in Journ. Linn. Soc. Bot 23: 443. 1888; Diels in Engl. Bot. Jahrb. 29: 617. 1901; Komar. Fl. Mansh. 3: 654. 1907, excl. syn.; Nakai, Fl. Kor. 2: 33. 1911, in Bot. Mag. Tokyo 16: 99. 1912 et Fl. Sylv. Kor. 14: 100. 1923, incl. var. japonica Maxim. f. typica Nakai; Gagnep. in Lecomte, Fl. Gen. Indo-Chine 3(5): 585. 1924: Merr. Enum. Philip. Pl. 3: 616. 1923 et in Lingn. Sci. Journ. 5: 185. 1927: Pamp. in Nuov. Giorn. Bot: Ital. n. s. 34: 660. 1927, 36: 384. 1929, 41: 566. 1939 et in Act. Hort. Gothob. 6: 71, 81. 1939, incl. var. japonica Maxim. f. typica Nakai cum subf. laxiflora Pamp., subf. intermedia Pamp., subf. spathulata Pamp., var. macrocephala Pamp. cum f. chinensis Pamp. et var. myriocephala Pamp. cum f. silvestris Pamp. et var. lanata Pamp. in　Lav. Inst. Bot. Univ. Cagl. 8: 3. 1938: Komar. et Alis. Key Pl. Far East. Reg. USSR　2: 1035. 1932; Ling in Contr. Inst. Bot. Nat. Acad. Pcad. 2(10): 512. 1934 et 4: 36. 1936; Kitam. in Act. Phytotax. Geobot. 5: 87. 1936, 23 (1-2): 12. 1968, in Mem　Coll. Sci. Kyoto Univ. ser. B. 15(3): 384. 1940, Fl. Afghan. 386. 1960. et in Hara,　Fl. E. Himal. 332. 1966; Hand.-Mazz. Symb. Sin. 7: 1114. 1936 et in Act. Hort.　Gothob. 12: 276. 1938; Chang in Sunyatsenia. 3 (4): 294. 1937; Kitag. Lineam. Fl.　Mansh. 425. 1939; Ohwi, Fl. Jap. 1190. 1956; 东北植物检索表394, 图版136, 图2. 1959; 江苏南部种子植物手册,780, 图 1258. 1959; Poljak. Фл. СССР 26: 545. 1961; S. Y.　Hu in Quart. Journ. Taiwan Mus. 18 (3-4): 233. 1965; Noda, Fl. N.-E. Prov. (Manch.) China 1214. 1971; 海南植物志3: 415, 图818. 1974. p.p.;中国高等植物图鉴4: 527, 图6467.1975;台湾植物志4: 789. 1978;江苏植物志下: 871 ,图2189. 1982;西藏植物志4: 783. 1985. ——A. gl abrata Wall. ex Bess. l. c. 8: 20. 1835.——A. cuneifolia DC.　l. c. 6: 126. 1837. ——A. morrisonensis Hayata var. minima Pamp: l. c. 34: 682. 1927., p. p——A. subintegra Kitam. l. c. 3: 173. 1934. ——A. parviflora auct., non Buch. ——Ham. ex Roxb.: Aitch in Journ. Linn. Soc. 18: 70. 1880, p. p.; Hook. f. Fl. Brit. Ind. 3: 322. 1881, p. p.——dracunculus auct., non Linn.: Hook. f. l. c. 3: 321. 1881, p. p.——Chrysanthemum is ponicum Thunb. Fl. Jap. 321. 1784. ——Oligosporus  japonicus (Thunb.) Poljak. В Мат. Фл. Раст. Каэах. 11: 167. 1961; Czerep. Add.　Corr. Fl. URSS (1-30) , 89. 1973.
    多年生草本；植株有香气。主根稍明显，侧根多，常有块根；根状茎稍粗短，直立或斜
向上，直径3-8毫米，常有若干条营养枝。茎单生或少数，高50-130厘米，有纵棱，紫褐色或褐色，上半部分枝，枝长5-15(-20)厘米，通常贴向茎或斜向上长；茎、枝初时被微柔毛，后渐稀疏或无毛。叶纸质，两面无毛或初时微有短柔毛，后无毛；基生叶与茎下部叶倒卵形或宽匙形，长4-6(-7）厘米，宽2-2.5(-3)厘米，自叶上端斜向基部羽状深裂或半裂，裂片上端常有缺齿或无缺齿，具短柄，花期凋谢；中部叶匙形，长2.5-3.5(-4.5)厘米，宽0.5-1(-2)厘米，上端有3-5枚斜向基部的浅裂片或为深裂片，每裂片的上端有2-3枚小锯齿或无锯齿，叶基部楔形，渐狭窄，常有小型、线形的假托叶；上部叶小，上端具3浅裂或不分裂；苞片叶长椭圆形、椭圆形、披针形或线状披针形，先端不分裂或偶有浅裂。头状花序多数，卵球形或近球形，直径1.5-2.5毫米，无梗或有短梗，基部具线形的小苞叶，在分枝上通常排成穗状花序或德状花序状的总状花序，并在茎上组成狭窄或中等开展的圆锥花序；总苞片3-4层，外层总苞片略小，外、中层总苞片卵形或长卵形，背面无毛，中肋绿色，边膜质，内层总苞片长卵形或宽卵形，半膜质；雌花3-8朵，花冠狭圆锥状，檐部具2-3裂齿，花柱伸出花冠外，先端2叉，叉端尖；两性花5-10朵，不孕育，花冠管状，花药线形，先端附属物尖，长三角形，基部钝，花柱短，先端稍膨大，2裂，不叉开，退化子房不明显。瘦果小，倒卵形。花果期7-10月。
     产辽宁（南部、东部），河北（南部），山西（南部、东部），陕西（南部），甘肃（南部），山东、江苏、安徽、浙江、江西、福建、台湾、河南、湖北、湖南、广东、广西、四川、贵州、云南及西藏（南部）等；除西南省区从低海拔分布到海拔3 300米地区外，其余地区分布在中、低海拔地区，在湿润、半湿润或半干旱的环境里生长，常见于林缘、林中空地、疏林下、旷野、灌丛、丘陵、山坡、路旁等。日本、朝鲜、阿富汗、印度（北部）、不丹、尼泊尔、锡金、克什米尔地区、越南（北部）、老挝、泰国、缅甸、菲律宾及苏联（远东地区）也有。模式标本采自日本。    含挥发油，主要成分有胡椒蔫、毕澄茄烯、α一侧柏酮、1,8一按叶油素、青蒿酮等。全草入药，有清热、解毒、消暑、去湿、止血、消炎、散瘀之效；又代“青蒿”（即黄花蒿）用，或作上农药等。嫩叶作菜蔬，又作家畜饲料。"
羊柴	
沙柳	"254．北沙柳（东北林学院植物研究室汇刊）图版111
     Salix psammophila C. Wang et Ch. Y. Yang,东北林学院植物研究室汇刊, 9: 104. 1980. 
    灌木，高3-4米。当年枝初被短柔毛，后几无毛，上年生枝淡黄色，常在芽附近有一块短绒毛。叶线形，长4-8厘米，宽2-4毫米（萌条叶长至12厘米），先端渐尖，基部楔形，边缘疏锯齿，上面淡绿色，下面带灰白色，幼叶微有绒毛，成叶无毛；叶柄长约1毫米；托叶线形，常早落（萌枝上的托叶常较长）。花先叶或几与叶同时开放，花序长1-2厘米，具短花序梗和小叶片，轴有绒毛；苞片卵状长圆形，先端钝圆，外面褐色，稀较暗，无毛，基部有长柔毛；腺体1，腹生，细小；雄蕊2,花丝合生，基部有毛，花药4室，黄色；子房卵圆形，无柄，被绒毛，花柱明显，长约0.5毫米，柱头2裂，具开展的裂片。花期3-4月，果期5月。
    产陕西、内蒙古、宁夏、山西等省区。抗风沙，不择土宜，繁殖容易，各地常作固砂造林树种。模式标本采自宁夏盐池县。
     本种的叶形与黄柳S. gordejevii Y. L. Chang et Skv.相近，但黄柳的枝、叶始终无毛，叶缘具粗腺齿，秋季常外卷，花丝2，离生，蒴果无毛，而本种的枝、叶初期常有微绒毛，叶缘疏浅齿，不反卷，花丝合生成单体；蒴果密被绒毛。另外，本种也容易与细枝柳S. gracilior (Siuz.) Nakai 相混，但本种叶为线形，上下几等宽; 花柱明显，而后者叶常上部较宽；花柱很短至缺。"
达乌里胡枝子	
柠条锦鸡儿	"42. 柠条锦鸡儿（中国主要植物图说?豆科）柠条（宁夏），白柠条（内蒙古伊克昭盟），毛条（甘肃河西走廊），查干一哈日嘎纳（蒙）
    Caragana korshinskii Kom. in Acta Hort. Petrop. 29: 351. t. 13. 1909; 中国主要植物图说?豆科356. 图352. 1955; 中国高等植物图 2: 412. 图2554. 1972; 内蒙古植物志3: 177. 图版89 (10-15). 1977; 中国沙漠植物志2: 228. 1987.
    灌木，有时小乔状，高1-4米；老枝金黄色，有光泽；嫩枝被白色柔毛。羽状复叶有6-8对小叶；托叶在长枝者硬化成针刺，长3-7毫米，宿存；叶轴长3-5厘米，脱落；小叶披针形或狭长圆形，长7-8毫米，宽2-7毫米，先端锐尖或稍钝，有刺尖，基部宽楔形，灰绿色，两面密被白色伏贴柔毛。花梗长6-15毫米，密被柔毛，关节在中上部；花萼管状钟形，长8-9毫米，宽4-6毫米，密被伏贴短柔毛，萼齿三角形或披针状三角形；花冠长20-23毫米，旗瓣宽卵形或近圆形，先端截平而稍凹，宽约16毫米，具短瓣柄，翼瓣瓣柄细窄，稍短于瓣片，耳短小，齿状，龙骨瓣具长瓣柄，耳极短；子房披针形，无毛。荚果扁，披针形，长2-2.5厘米，宽6-7毫米，有时被疏柔毛。花期5月，果期6月。
    产内蒙古（伊克昭盟西北部、巴彦淖尔盟、阿拉善盟）、宁夏、甘肃（河西走廊）。生于半固定和固定沙地。常为优势种。模式标本采自内蒙古鄂尔多斯。
    优良固沙植物和水土保持植物。
    本种系 V. L. Komarov 根据内蒙古鄂尔多斯西北部和库布齐沙漠、贺兰山的标本描述，子房密被短柔毛。这一特征在检索表中作为与小叶锦鸡儿 C. microphylla Lam.的主要区别。但在所引用的第5号标本，采集者 G. N. Potanin 曾记录幼果无毛。在V. L. Komarov t. 16. f. B 图，刚谢花的幼果也未画毛。我们观察该产地大量标本，子房完全无毛。因此我们怀疑原描述有误，待查模式标本。"
细枝岩黄芪	
花棒	"4. 大花棒果芥  图版108：4-6
        Sterigmostemum grandiflorum K. C. Kuan, 东北林学院植物研究室汇刊8 (8): 43. 照片10. 1980. 
        多年生草本，高6-16厘米，全体密生星状毛；茎单一或数个，直立或上升，从基部分枝。基生叶匙形或倒披针形，长2-7厘米，宽5-25毫米，顶端圆钝，基部渐狭，灰绿色，中脉粗，显著；叶柄长1-5厘米；茎生叶线形或披针形，长1-3厘米。总状花序顶生；萼片长圆形，长12-14毫米，顶端钝；花瓣灰黄色或黄棕色，倒卵形，长17-20毫米，芳香；长雄蕊花丝长约10毫米；子房长10-12毫米，花柱长约5毫米，柱头2裂，开展。长角果圆柱形，长2.5-3.5厘米，顶端稍细；果梗粗，长7-10毫米，直径约1毫米；种子长圆形，长约1毫米，红棕色。花、果期5-7月。
        产青海。生在山谷，海拔3560-4270米。模式标本采自青海。
        本种和棒果芥 Sterigmostemum tomentosum ( Willd.) M. Bieb. 相近，但基生叶匙形或倒披针形，花较大，花瓣长17-20毫米。"
小叶杨	"16. 小叶杨（中国树木分类学）南京白杨（南京），河南杨、明杨、青杨（河南）
    Populus simonii Carr. in Rev. Hort. 1867: 360. 1867; Schneid. in Sarg. Pl. Wils. 3: 21. 1916; Rehd. Man. Cult. Trees and Shrubs, 88. 1927;周汉藩, 河北习见树木图说, 35. 1934; Haoin Contr. Inst. Bot. Nat. Acat. Peiping, 3: 235. 1935; Kom. Fl. URSS, 5: 241. 1936;陈嵘, 中国树木分类学, 118. 图88. 1937;刘慎谔等, 东北木本植物图志119. 图版20: 1-3, 图版22: 41. 1955; 中国高等植物图鉴, 1: 353. 图706. 1972;秦岭植物志, 1 (2): 22. 图11. 1974——P. laurifolia Ledeb. r. simonii Rgl. Russk. Vendr. 2: 152. 1883.——P. balsamifera L. μSimonμ. Wesm. in Bull. Soc. Bot. Belg. 26: 378. 1887; Burkill in Journ. Linn. Soc. 26: 536. 1899. ——P. suaveolens auct. non Fisch.: Schneid. in Sarg. Pl. Wils. 3: 18. 1916. P. P.
    乔木，高达20米，胸径50厘米以上。树皮幼时灰绿色，老时暗灰色，沟裂；树冠近圆形。幼树小枝及萌枝有明显棱脊，常为红褐色，后变黄褐色，老树小枝圆形，细长而密，无毛。芽细长，先端长渐尖，褐色，有粘质。叶菱状卵形、菱状椭圆形或菱状倒卵形，长3-12厘米，宽2-8厘米，中部以上较宽，先端突急尖或渐尖，基部楔形、宽楔形或窄圆形，边，缘平整，细锯齿，无毛，上面淡绿色，下面灰绿或微白，无毛；叶柄圆筒形，长0.5-4厘米，黄绿色或带红色。雄花序长2-7厘米，花序轴无毛，苞片细条裂，雄蕊8-9（25）；雌花序长2.5-6厘米；苞片淡绿色，裂片褐色，无毛，柱头2裂。果序长达15厘米；蒴果小，2 (3)瓣裂，无毛。花期3-5月，果期4-6月。
    在我国分布广泛，东北、华北、华中、西北及西南各省区均产。垂直分布一般多生在2000米以下，最高可达2500米；沿溪沟可见。多数散生或栽植于四旁。模式标本采自北京南口、西拐子（八达岭）。喜光树种，适应性强，对气候和土壤要求不严，耐旱，抗寒，耐瘠薄或弱碱性土壤，在砂、荒和黄土沟谷也能生长，但在湿润、肥沃土壤的河岸、山沟和平原上生长最好；栗钙土上生长不好；根系发达，抗风力强，可用插条、埋条（干）、播种等法繁殖；为我国干旱地区群众所喜欢。
    木材轻软细致，供民用建筑、家具、火柴杆、造纸等用；为防风固沙、护堤固土、绿化观赏的树种，也是东北和西北防护林和用材林主要树种之一。"
黑沙蒿	"141.黑沙蒿（中国高等植物图鉴）沙蒿（俗称），鄂尔多斯蒿（辽宁、内蒙古），油蒿、
  籽蒿（内蒙古），“哈拉一沙巴嘎，’（蒙语名）图版27：6-10
     Artemisia ordosica Krasch. in Not. Syst. Herb. Inst. Acad. Sci. URSS 9: 173. 1946; S.Y. Hu in Quart. Journ. Taiwan Mus. 18(3-4): 247. 1965; 中国高等植物图鉴4: 528, 图6470. 1975. ——A. ordosica Krasch. var. rnontana H. C. Fu et var. fulva H. C. Fu, 内蒙古植物志6: 124. et in addenda 328, 图版43.图1——6. 1982.——A. salsolofdes auct., non Willd.: Pamp. in Nuov. Giorn. Bot. Ital. n. s. 34: 698. 1927. p. p., incl. var. mongolica Pamp.: Ling in Contr. Inst. Bot. Nat. Acad. Peip. 3: 211. 1935. p. p.; S. Y. Hu l. c. 18 (3-4): 256. 1965. incl. var.
    小灌木。主根粗而长，木质，侧根多；根状茎粗壮，直径1-3厘米，具多枚营养枝。茎多枚，高50-100厘米，茎皮老时常呈薄片状剥落，分枝多，枝长10-35厘米，老枝暗灰白色或暗灰褐色，当年生枝紫红色或黄褐色，茎、枝与营养枝常组成大的密丛。叶黄绿色，初时两面微有短柔毛，后无毛，多少半肉质，干后坚硬；茎下部叶宽卵形或卵形，一至二回羽状全裂，每侧有裂片3-4枚，基部裂片最长，有时再2-3全裂，小裂片狭线形，叶柄短，基部稍宽大；中部叶卵形或宽卵形，长3-5（-7）厘米，宽2-4厘米，一回羽状全裂，每侧裂片2-3枚，裂片狭线形，长1.5-3厘米，宽0.5-1毫米，通常向中轴方向弯曲或不弧曲；上部叶5或3全裂，裂片狭线形，无柄；苞片叶3全裂或不分裂，裂片或不分裂之苞片叶狭线形。头状花序多数，卵形，直径1.5-2.5毫米，有短梗及小苞叶，斜生或下垂，在分枝上排成总状或复总状花序，并在茎上组成开展的圆锥花序；总苞片3-4层，外、中层总苞片卵形或长卵形，背面黄绿色，无毛，边缘膜质，内层总苞片长卵形或椭圆形，半膜质；雌花10-14朵，花冠狭圆锥状，檐部具2裂齿，花柱长，伸出花冠外，先端2叉；两性花5-7朵，不孕育，花冠管状，花药线形，顶端附属物尖，长三角形，基部圆钝，花柱短，先端圆，棒状，2裂，不叉开，退化子房不明显。瘦果倒卵形，果壁上具细纵纹并有胶质物。花果期7-10月。 
    原产内蒙古、河北（北部）及山西（北部），现陕西（北部）、宁夏、甘肃（中部、西部）
及新疆（东部、北部）有引种；多分布于海拔1 500米以下的荒漠与半荒漠地区的流动与半流动沙丘或固定沙丘上，也生长在干草原与干旱的坡地上，在荒漠与半荒漠地区常组成植物群落的优势种或主要伴生种。模式标本采自内蒙古伊克昭盟鄂尔多斯地区。
    根系粗长，茎木质，分枝多而长，耐沙压埋；果壁上含胶质物，遇水吸湿膨胀可胶住土壤并能促进种子发芽，为良好的固沙植物之一。适于飞机播种。茎、枝作固沙的沙障或编筐用。枝、叶入药，蒙医作消炎、止血、祛风、清热药。牧区作牲畜饲料。果壁胶质物作食品工业的粘着剂。
    本种植株常有变异，幼株与老株叶的小裂片大小常不一。《内蒙古植物志》(6)记载的山油蒿A. ordosica Krasch. var. montana H. C. Fu及乌油蒿A. ordosica Krasch. var.
fulva H. C. Fu实为该种变异的特征。本种过去常被误定为苏联盐碱地沙蒿A. salsoloides Willd.，或作为其蒙古变种A. salsoloides Willd. var. mongolica Pamp.。有的学者还将本种及盐蒿 A. halodendron Turcz. ex Bess.和藏沙蒿A. wellbyi Hemsl. et Pears.等都归在苏联盐碱地沙蒿中或作为其变种（见各有关种说明）。其实苏联盐碱地沙蒿与上述各种均有明显区别，该种为多年生半灌木状草本，枝多斜向上贴向中轴；叶薄纸质，茎中部叶通常为3全裂，裂片狭线形，侧边的裂片向中轴弧曲；头状花序倒卵形或宽卵形，直径1.5-2.5毫米，具短梗，直立，在分枝上排成总状花序，并在茎上组成狭窄的圆锥花序。产苏联（西伯利亚西部、高加索及欧洲部分）干旱或半干旱地区的石灰岩山坡、路旁，也见于火山喷出岩形成的陡坡上。另印度植物志 (Hook. f. Fl. Brit. Ind. 3: 321-881.) 记载的A. salsoloides Willd. var. salsoloides及var. paniculata Hook. f. p. p.以及R. Parnpanini建立的变型f. a. genuina Pamp., f. b. halodendron Pamp. f. c. paniculata Pamp.等非本种的异名。其中一部分标本是藏沙蒿  A. welbyi Hemsl. et Pears.、藏旱,A. nortonii Pamp.及藏岩蒿A. prattii (Pamp.) Ling et Y. R. Ling的异名, 而另一些标本则立为日喀则A. xigarzeensis Ling et Y. R. Ling。"
塔落岩黄耆	"3d. 塔落岩黄耆（变种）（内蒙古植物志）图版46: 12-18
    var. laeve (Maxim.) H. C. Fu, 内蒙植物志3: 250. 1977. ---H. laeve Maxim. in Bull. Imp. Soc. St. Petersb. 27: 464. 1881.——H. fruticosum Pall. subsp. laeve (Maxim.) B. Fedtsch. in Act. Hort. Petrop. 19: 212. 1902.
    本变种与原变种的主要区别在于子房和荚果无毛和刺。但本变种更接近木岩黄耆 (var. lignosum (Trautv.) Kitagawa) 其主要区别在于花萼明显浅裂，萼齿短三角形，锐尖，长仅为萼筒的1/3；翼瓣片短而尖，等于或短于龙骨瓣柄。
    产黄河中游的宁夏东部、陕西北部、内蒙南部和山西最北部的草原地区。生于流沙地或半固定沙丘和沙地。模式标本采自内蒙古。
    本变种耐干旱，繁殖力强，是一种良好的固沙植物和优良饲料。目前，在我国新疆、甘肃河西走廊和陕北沙地普遍用作固沙植物和饲料；枝条是耐燃的薪炭。"
老瓜头	"31．老瓜头（甘肃）图版126
        Cynanchum komarovii Al. Iljinski in Act. Horti Petropolit. 34: 52. 1920; 中国高等植物图鉴, 3: 481, 图4915. 1974: Tsiang et P. T. Li in Acta Phytotax. Sinica 12: 98. 1974. ——Vincetoxicum mongolicum Maxim. in Bull. Acad. Sci. St. Petersb.  23: 356. 1877. ——Cynanchum mongolicum (Maxim. ) K. Schum. in Engl. u. Prantl,  Nat. Pflanz. 4, 2: 252. 1895, non Hemsl. in Journ. Linn. Soc. Bot. 26: 107. 1889,  nom. illeg. ——Cynanchum mongolicum (Maxim. ) Komarov in Act. Hort. Petrop. 34:  54. 1920. 
        直立半灌木，高达50厘米，全株无毛；根须状。叶革质，对生，狭椭圆形，长3-7厘米，宽5-15毫米，顶端渐尖或急尖，干后常呈粉红色，近无柄。伞形聚伞花序近顶部腋生，着花10余朵；花萼5深裂，两面无毛，裂片长圆状三角形；花冠紫红色或暗紫色，裂片长圆形，长2-3毫米，宽1.5毫米；副花冠5深裂，裂片盾状，与花药等长；花粉块每室1个，下垂；子房坛状，柱头扁平。蓇葖单生，匕首形，向端部喙状渐尖，长6.5厘米，直径1厘米；种子扁平；种毛白色绢质。花期6-8月，果期7-9月。
        产于宁夏、甘肃、河北和内蒙古等省区。分布于内蒙古北部边缘地区附近的沙漠及黄河岸边或荒山坡，垂直分布可达海拔2000米左右。模式标本采自内蒙古鄂尔多斯一带。"
角蒿	"13.角蒿属——Incarvillea Juss.
        Juss. Gen. 138. 1789; Benth. et Hook. f. Gen. Pl. 2: 1049. 1876; Grierson in Not. Bot. Gard. Edinb. 23 (3) : 303. 1961. ——Amphicome Royle, Ill. Bot. Himal. tab. 72, fig. 1. 1835. ——Neidzwedzkia B. Fedtsch. in Bull. Jard. Bot. Pierre Grand 15: 399. 1915.
     一年生或多年生直立或匍匐草本，植株具茎或无茎。叶基生或互生，单叶或1-3回羽状分裂。总状花序顶生。花萼钟状，萼齿5，三角形渐尖或圆形突尖，稀基部膨大成腺体。花冠红色或黄色，漏斗状，多少二唇形，裂片5，圆形，开展。雄蕊4，2强，内藏，花药无毛，丁字形着生，基部具矩。花盘环状。子房无柄，2室，胚珠多数，在每一胎座上1-2列，花柱线形，柱头扁平，扇状，2裂。蒴果长圆柱形，直或弯曲，渐尖，有时有4-6棱。种子较多，细小，扁平，两端或四周有白色透明膜质翅或丝状毛。
       约15种，分布自中亚，经喜马拉雅山区至东亚。我国产11种，3变种。
    本属多数种类花大而颜色鲜艳，可引种栽培，供庭园观赏，少数种类的根或全草可入药。"
中间锦鸡儿	"41. 中间锦鸡儿（内蒙古植物志）图版13: 9-16
    Caragana intermedia Kuang et H. C. Fu, 内蒙古植物3: 287, 178. 图版90. 1977; 中国沙漠植物志2: 229. 1987.
    灌木，高0.7-1.5 (2) 米。老枝黄灰色或灰绿色，幼枝被柔毛。羽状复叶有3-8对小叶；托叶在长枝者硬化成针刺，长4-7毫米，宿存；叶轴长1-5厘米，密被白色长柔毛，脱落；小叶椭圆形成倒卵状椭圆形，长3-10毫米，宽4-6毫米，先端圆或锐尖，很少截形，有短刺尖，基部宽楔形，两面密被长柔毛。花梗长10-16毫米，关节在中部以上，很少在中下部；花萼管状钟形，长7-12毫米，宽5-6毫米，密被短柔毛，萼齿三角状；花冠黄色，长20-25毫米，旗瓣宽卵形或近圆形, 瓣柄为瓣片的1/4-1/3，翼瓣长圆形，先端稍尖瓣柄与瓣片近等长，耳不明显；子房无毛。荚果披针形或长圆状披针形，扁，长2.5-3.5厘米，宽5-6毫米，先端短渐尖。花期5月，果期6月。
    产内蒙古（锡林郭勒盟、伊克昭盟、乌兰察布盟）、陕西北部、宁夏（盐池）。生于半固定和固定沙地、黄土丘陵。引种到兰州地区黄土山坡，不灌溉，生长良好。模式标本采自内蒙古鄂尔多斯。
    优良固沙和绿化荒山植物。"
兴安胡枝子	"19.兴安胡枝子（东北木本植物图志）达呼尔胡枝子（中国主要植物图说?豆科），毛果胡枝子（云南植物名录）
        Lespedeza daurica (Laxm.) Schindl. in Fedde, Repert. Sp. Nov. 22: 274. 1926; Hand. -Mazz. Symb. Sin. 7: 571. 1933; Schischk. et Bob. in Kom. Fl. URSS 13:381. 1948. pro parte;东北木本植物图志346. 图版118:259. 1955;中国主要植物图说?豆科524. 图517. 1955;中国高等植物图鉴2: 461. 图2651. 1972; Kitagawa, Neo-Lineam. Fl. Mansh. 405. 1979;云南种子植物名录上册, 613. 1984. ——Trifolium dauricum Laxm. in Nov. Comm. Acad. Petrop. 15: 560. tab. 30. f. 5. 1771.——Hedysarum trichocarpum Stephan ex Willd. Sp. Pl. 3: 1149. 1800. ——Lespedeza trichocarpum (Stephan) Pers. Syn. Pl. 2:318. 1807.——L. medicaginoides Bunge in Mem. Acad. Sci. St. Petersb. Sav. Etrang. 2: 93. 1833.——L. gerardiana auct. non Grah: Franch. Pl. Delav. 169. 1899; Levl. Cat. Pl. Yunnan 158. 1916.
    小灌木，高达1米。茎通常稍斜升，单一或数个簇生；老枝黄褐色或赤褐色，被短柔毛或无毛，幼枝绿褐色，有细棱，被白色短柔毛。羽状复叶具3小叶；托叶线形，长2-4毫米；叶柄长1-2厘米；小叶长圆形或狭长圆形，长2-5厘米，宽5-16毫米，先端圆形或微凹，有小刺尖，基部圆形，上面无毛，下面被贴伏的短柔毛；顶生小叶较大。总状花序腋生。较叶短或与叶等长；总花梗密生短柔毛；小苞片披针状线形，有毛；花萼5深裂，外面被白毛，萼裂片披针形，先端长渐尖，成刺芒状，与花冠近等长；花冠白色或黄白色，旗瓣长圆形，长约1厘米，中央稍带紫色，具瓣柄，翼瓣长圆形，先端钝，较短，龙骨瓣比翼瓣长，先端圆形；闭锁花生于叶腋，结实。荚果小，倒卵形或长倒卵形，长3-4毫米，宽2-3毫米，先端有刺尖，基部稍狭，两面凸起，有毛，包于宿存花萼内。花期7-8月，果期9-10月。
        产东北、华北经秦岭淮河以北至西南各省。生于干山坡、草地、路旁及沙质地上。朝鲜、日本、原苏联（西伯利亚）也有分布。
        为优良的饲用植物，幼嫩枝条各种家畜均喜食，亦可做绿肥。"
北沙柳	"254．北沙柳（东北林学院植物研究室汇刊）图版111
     Salix psammophila C. Wang et Ch. Y. Yang,东北林学院植物研究室汇刊, 9: 104. 1980. 
    灌木，高3-4米。当年枝初被短柔毛，后几无毛，上年生枝淡黄色，常在芽附近有一块短绒毛。叶线形，长4-8厘米，宽2-4毫米（萌条叶长至12厘米），先端渐尖，基部楔形，边缘疏锯齿，上面淡绿色，下面带灰白色，幼叶微有绒毛，成叶无毛；叶柄长约1毫米；托叶线形，常早落（萌枝上的托叶常较长）。花先叶或几与叶同时开放，花序长1-2厘米，具短花序梗和小叶片，轴有绒毛；苞片卵状长圆形，先端钝圆，外面褐色，稀较暗，无毛，基部有长柔毛；腺体1，腹生，细小；雄蕊2,花丝合生，基部有毛，花药4室，黄色；子房卵圆形，无柄，被绒毛，花柱明显，长约0.5毫米，柱头2裂，具开展的裂片。花期3-4月，果期5月。
    产陕西、内蒙古、宁夏、山西等省区。抗风沙，不择土宜，繁殖容易，各地常作固砂造林树种。模式标本采自宁夏盐池县。
     本种的叶形与黄柳S. gordejevii Y. L. Chang et Skv.相近，但黄柳的枝、叶始终无毛，叶缘具粗腺齿，秋季常外卷，花丝2，离生，蒴果无毛，而本种的枝、叶初期常有微绒毛，叶缘疏浅齿，不反卷，花丝合生成单体；蒴果密被绒毛。另外，本种也容易与细枝柳S. gracilior (Siuz.) Nakai 相混，但本种叶为线形，上下几等宽; 花柱明显，而后者叶常上部较宽；花柱很短至缺。"
梭梭	"28.梭梭属*——Haloxylon Bunge
    Bunge in Ledeb. Fl. Ross. 3: 819. 1851.
    灌木或小乔木，无毛或仅叶腋内具棉毛。茎直立，多分枝，老枝圆柱状；当年枝绿色或蓝绿色，具关节。叶对生，退化成鳞片状，或几无叶，基部合生，先端钝或具短芒尖。花单生于叶腋，两性，具2小苞片; 花被片5，离生，纸质或干膜质，内面凹，内面基部常具蛛丝状毛，果时背部上方具横翅状附属物；翅状附属物膜质，平展，具纵脉；雄蕊5,着生于杯状花盘上，花药椭圆形，不具附属物；子房基部陷于花盘内，花柱极短，柱头2-5。胞果半球形，顶面微凹，果皮肉质，与种子贴伏。种子横生，无胚乳；胚绿色，螺旋状。
    本属约11种，分布于地中海至中亚。我国产2种。"
白梭梭	"1.白梭梭 波斯梭梭（中国植被区划初稿）图版32: 14
    Haloxylon persicum Bunge ex Boiss. et Buhse in Nouv. Mem. Soc. Nat. Moscou 12: 189. 1860; Iljin in Fl. URSS 6: 311. t. 10. f. 9a-c. 1936; Полояк. in Фл. Казахст. 3: 304. t. 29. f. 8. 1960; Grubov, Pl. Asiae Centr. 2: 112. 1966; ——Arthrophytum ammodendron var. acutifolium Minkw. in Repert. Sp. Nov. 11: 478. 1912. ——A. persicum R.-Sav. in Not. Syst. Herb. Hort. Bot. Reip. Ross. 5: 45. 1924.
    小乔木，高1-7米。树皮灰白色，木材坚而脆；老枝灰褐色或淡黄褐色，通常具环状裂隙；当年枝弯垂（幼树上的直立），节间长5-15毫米，直径约1.5毫米。叶鳞片状，三角形，先端具芒尖，平伏于枝，腋间具棉毛。花着生于二年生枝条的侧生短枝上；小苞片舟状，卵形，与花被等长，边缘膜质；花被片倒卵形，先端钝或略急尖，果时背面先端之下1/4处生翅状附属物；翅状附属物扇形或近圆形，宽4-7毫米，淡黄色，脉不明显，基部宽楔形至圆形，边缘微波状或近全缘；花盘不明显。胞果淡黄褐色，果皮不与种子贴生。种子直径约2.5毫米; 胚盘旋成上面平下面凸的陀螺状。花期5-6月，果期9-10月。
    产新疆北部。生于沙丘上，有固沙作用。伊朗、阿富汗、苏联哈萨克斯坦也有分布。
     本种是我国西北地区的优良固沙造林树种，目前除新疆大量应用进行固沙造林外，甘肃、宁夏、内蒙古沙区也进行了引种。木材坚而脆，发热力强，除作牲口圈棚和固定井壁用材外，是沙区人民群众生活的薪炭来源。当年枝是骆驼、驴、羊的良好饲料。"
淡枝沙拐枣	"2.淡枝沙拐枣 图版29: 4
    Calligonum leucocladum (Schrenk) Bge. Mem. Acad. St——Petersb. sav. etrang. 7: 485. 1851; Pavl. in Fl. URSS 5: 545. 1936; Байт. и Павл. во Фл. Каэахст. 3: 129. 1960; СосковвБотжурн. 53(4): 476. 1968;植物分类学报24(2): 99. 1986.——Pterococcus leucocladus Schrenk in Bull. phys.-math. Acad. Petrab. 3: 211. 1845. 
    灌木，高50-120厘米（记载有2米）。老枝黄灰色或灰色，拐曲，通常斜展；当年生幼枝灰绿色，纤细，节间长1-3厘米。叶线形，长2-5毫米，易脱落；托叶鞘膜质，淡黄褐色。花较稠密，2-4朵生叶腋；花梗长2-4毫米，近基部或中下部有关节；花被片宽椭圆形，白色，背部中央绿色。果（包括翅）宽椭圆形，长12-18毫米，宽10-16毫米；瘦果窄椭圆形，不扭转或微扭转，4条肋各具2翅；翅近膜质，较软，淡黄色或黄褐色，有细脉纹，边缘近全缘、微缺或有锯齿。花期4-5月，果期5-6月。
    新疆沿天山北麓各县较广泛分布。生于半固定沙丘、固定沙丘和沙地，海拔500-1200米。哈萨克斯坦也有。"
泡泡刺	"1. 泡泡刺（甘肃河西）球果白刺（治沙研究）、膜果白刺（内蒙古植物志）图版35：1-2，9A
        Nitraria sphaerocarpa Maxim. in Mel. Biol Acad. Sci. Perersb. 11: 657. 1883; idem Enum. Pl. Mongol. 122. 1889; Bobr. in Coa. Boт. 14 (1): 26. 1946; 治沙研究7: 2. 1965; 内蒙古植物志4: 17. 1979; 中国沙漠植物志 2: 304. 1987; 内蒙古植物志 (二版) 3: 304. 1989.
        灌木，枝平卧，长25-50厘米，弯，不孕枝先端刺针状，嫩枝白色。叶近无柄，2-3片簇生，条形或倒披针状条形，全缘，长5-25毫米，宽2-4毫米，先端稍锐尖或钝。花序长2-4厘米，被短柔毛，黄灰色；花梗长1-5毫米；萼片5，绿色，被柔毛；花瓣白色，长约2毫米。果未熟时披针形，先端渐尖，密被黄褐色柔毛，成熟时外果皮干膜质，膨胀成球形，果径约1厘米；果核狭纺锤形，长6-8毫米，先端渐尖，表面具蜂窝状小孔。花期5-6月，果期6-7月。
        分布于内蒙古西部、甘肃河西、新疆。生于戈壁、山前平原和砾质平坦沙地，极耐干旱。蒙古也有分布。模式标本产于我国哈密戈壁，存圣彼得堡。"
红砂	"1.红砂属——Reaumuria Linn.
    Linn. Syst. Nat. ed. 10, 2: 1081, 1374. 1759: Maxim. Fl. Tangut. 1: 97.1889. ——Hololachne Ehrb. in Linnaea 2: 273. 1827,“Hololachna”.
    半灌木或灌木，高达80厘米，有多数曲拐的小枝。叶细小，鳞片状，短圆柱形或线形，全缘，常为肉质或革质，几无柄，有泌盐腺体；花单生于侧枝上或生于缩短的小枝上，或集成稀疏的总状花序状。花两性，5数；苞片覆瓦状排列，较花冠略长或略短；花萼近钟形，宿存；花瓣脱落或宿存，下半部内侧具2枚鳞片状附属物，边缘繸状撕裂，锯齿状或全缘，雄蕊，5-多数，分离或花丝基部合生成5束，与花瓣对生；雌蕊1，子房圆形或广椭圆形，花柱3-5。蒴果软骨质，3-5瓣裂；种子全面被褐色长毛。
    共12种，主要分布在亚洲大陆、南欧和北非。生于荒漠、半荒漠和干旱草原区域内。
我国有4种。
    属模式种: R. vermiculata Linn."
小叶锦鸡儿	"40. 小叶锦鸡儿（中国主要植物图说?豆科）雪里洼（内蒙古昭乌达盟），乌禾日一哈日嘎纳、阿拉他嘎纳（蒙）
    Caragana microphylla Lam. Encycl. 1: 615. 1783; Kom. in Acta Hort. Petrop. 29: 344. 1909; Pojark. in Kom. Fl. USSR 11: 367. 1945; 中国主要植物图说?豆科355. 图351.1955; 中国高等植物图鉴2: 412. 图2553. 1972; 内蒙古植物志3: 175. 图89 (1-9). 1977; 秦岭植物志1 (3): 47. 1981; 中国沙漠植物志2: 228. 1987.
    灌木，高1-2（3）米；老枝深灰色或黑绿色，嫩枝被毛，直立或弯曲。羽状复叶有5-10对小叶；托叶长1.5-5厘米，脱落；小叶倒卵形或倒卵状长圆形，长3-10毫米，宽2-8毫米，先端圆或钝，很少凹入，具短刺尖，幼时被短柔毛。花梗长约1厘米，近中部具关节，被柔毛；花萼管状钟形，长9-12毫米，宽5-7毫米，萼齿宽三角形；花冠黄色，长约25毫米，旗瓣宽倒卵形，先端微凹，基部具短瓣柄，翼瓣的瓣柄长为瓣片的1/2，耳短，齿状；龙骨瓣的瓣柄与瓣片近等长，耳不明显，基部截平；子房无毛。荚果圆筒形，稍扁，长4-5厘米，宽4-5毫米，具锐尖头。花期5-6月，果期7-8月。
    产东北、华北及山东、陕西、甘肃。生于固定、半固定沙地。蒙古、原苏联也有。
    枝条可做绿肥；嫩枝叶可做饲草。固沙和水土保持植物。
    本种分布广，形态变化多。V. L. Komarov 曾定过5个变型：
    毛序锦鸡儿（变型）
    f. pallasiana Kom.
    花序被伏贴柔毛，后期毛脱落。
    绿叶锦鸡儿（变型）
    f. viridis Kom.
    小叶、花序绿色；小叶上面近无毛，下面被伏贴疏柔毛，花萼边缘无毛。
    兴安锦鸡儿（变型）
    f. daurica Kom.
    小叶长楔状长圆形，先端圆或截平，绿色，疏被柔毛。
    灰叶锦鸡儿（变型）
    f. cinerea Kom
    小叶密被绢状柔毛；花萼外面被短绒毛。
    毛枝锦鸡儿（变型）
    f. tomentosa Kom.
    小叶锐尖，倒披针形，小枝嫩时密被绒毛，白色。
    以上变型不易区分。尤以近年来各地区互相引种栽培，常与柠条锦鸡儿 C. korshinskii Kom. 和中间锦鸡儿 C. intermedia Kuang et H. C. Fu 混杂，杂交变化较多，有待深入研究。"
差巴嘎蒿	
盐蒿	"138.盐蒿（中国高等植物图鉴）差不嘎蒿（东北植物检索表），褐沙蒿（内蒙古植物
志），沙蒿（东北及内蒙古俗称），“沙把嘎”、“沙漠嘎”、“呼伦一沙里尔日”（蒙语名），“普勒罕达”（蒙药名）图版27：1-5
    Artemisia halodendron Turcz. ex Bess. in Bull. Soc. Nat. Mosc. 8: 17. 1835 et in Mem. Acad. Sci. Petersb. 4: 459. 1845; DC. Prodr. s: 94. 1837; Ledeb. Fl. Ross. 2 (2): 560. 1844一1846: Turcz. Fl. Baic. ——Dahur. 2: 48. 1845; Maxim. in Bull. Acad. Sci. Petersb. 8: 527. 1872; Komar. Fl. Mansh. 3: 658. 1907; Hand. -Mazz. in Not. Bot. Gart. u. Mus. Berl. 13: 632. 1937; Sato, Ill. Manch. Mong. Trees, 390, 
fig. 300. 1943;东北植物检索表390, 图版135, 图6. 1959; Poljak . Фл. СССР 26: 539. 1961; S. Y. Hu in Quart. Journ. Taiwan Mus. 18 (1-2): 135. 1965; Noda, Fl. N.-E. Prov. (Manch.) China 1213. 1971; 中国高等植物图鉴4: 528, 图6469. 1975. ——A. intramongolica H. C. Fu in Fl. Intramong. 6: 125, Tab.44 et in addenda 327. 1983, 
incl. var. microphylla H. C. Fu. ——Oligosporus halodendron (Turcz. ex Bess.) Poljak. В Мат. Фл. Раст. Каэах. 11: 168. 1961; Czerep. Add. Corr. Fl. URSS (1-30) , 89. 1973.
    小灌木。主根、侧根均木质，主根粗，长，侧根多；根状茎粗大，木质，直径1-3厘米，
具多数木质化的营养枝，枝上密生多数营养叶。茎直立或斜向上长，多数或少数，稀单生，
高50-80厘米，纵棱明显，上部红褐色，下部茶褐色，外皮常剥落；自基部开始分枝，枝多
而长，常与营养枝共组成密丛，下部枝多匍地生长，具短枝，短枝上叶常密集成丛生状；茎、
枝初时被灰黄色绢质短柔毛，后渐脱落。叶质稍厚，初时微有灰白色短柔毛，后无毛，干时质硬；茎下部叶与营养枝叶宽卵形或近圆形，长、宽3-6厘米，二回羽状全裂，每侧有裂片
（2-）3-4枚，基部裂片最长，再次羽状全裂，每侧具小裂片1-2枚，小裂片狭线形，长1-1.5(-2)厘米，宽0.5-1毫米，先端具硬尖头，边缘通常反卷，叶柄长1.5-4厘米，基部有小型狭线形的假托叶；中部叶宽卵形或近圆形，一至二回羽状全裂，小裂片狭线形，近无柄，基部有小型分裂的假托叶；上部叶与苞片叶3-5全裂或不分裂，无柄。头状花序多数，卵球形，直径（2.5-) 3-4毫米，直立，具短梗或近无梗，基部有小苞叶，在分枝上端排成复总状花序，并在茎上组成大型、开展的圆锥花序；总苞片3-4层，覆瓦状排列，外层总苞片小，卵形，背面无毛，绿色，边缘膜质，中层总苞片椭圆形，背面中部绿色，无毛，边缘宽膜质，内层总苞片长椭圆形或长圆形，半膜质；雌花4-8朵，花冠狭圆锥状或狭管状，花柱线形，伸出花冠外，先端2叉，叉端尖；两性花8-15朵，不孕育，花冠管状，花药线形，先端附属物尖，长三角形，基部圆钝，花柱短，先端近漏斗状，2裂，不叉开，退化子房小。瘦果长卵形或倒卵状椭圆形，果壁上有细纵纹并含胶质物。花果期7-10月。
     产黑龙江（西部）、吉林（西部）、辽宁（西部）、内蒙古、河北（北部）、山西（北部）、陕西（北部）、宁夏、甘肃（北部）及新疆（东部）；生于中、低侮拔地区的流动、半流动或固定的沙丘上，也见于荒漠草原、草原、森林草原、砾质坡地等，在荒漠的局部地区构成植物群落的优势种。蒙古、苏联（西伯利亚东部）也有。模式标本采自苏联赤塔省南部与蒙古交界处。
    本种植株常有变异，尤其幼株与老株变化明显，幼株根、根状茎稍粗，木质，叶的小裂
片略宽；老株根、根状茎粗大，木质，叶的小裂片细长而狭窄。《内蒙古植物志》（6)记载的褐沙蒿A. intramongolica H. C. Fu实是本种一变异的植株，应予以归并。
    主根木质，深，侧根多，茎分枝多而长，植株耐沙压埋，繁殖力强，遇湿沙易生出不定
根。果壁有胶质物，遇水吸湿膨胀能胶结沙粒及保水供种子萌发。固沙性能强，为良好的固沙植物之一。嫩枝及叶入药，有止咳、镇喘、祛痰、消炎、解表之效，蒙医用于治疗慢性气管炎及支气管哮喘等。"
籽蒿	"2.大籽蒿（东北植物检索表）山艾（山西），白蒿（河北、甘肃），大白蒿、臭蒿子（甘肃），大头蒿、苦蒿（新疆），“额尔木”、“埃勒姆一察乌尔”（蒙语名），“肯甲”（藏语名）图版1：1-7 
     Artemisia sieversiana Ehrhart ex Willd. Sp. Pl. 3: 1845. 1800; Ledeb. Fl. Alt. 4: 61 1833 et Fl. Ross. 2 (2): 599, 1844-1846: DC. Prodr. 6: 126. 1837; Maxim. Prim. Fl. Amur. 162. 1859 et in Bull. Acad. Sci. Petersb. 8: 537. 1872; Hook. f. Fl. Brit. Ind. 3: 329 1881; Franch. Pl. David. 1: 172. 1884; Forb. et Hemsl. in Journ. Linn. Soc. Bot. 23: 445. 1888; Komar. Fl. Mansh. 3: 679. 1907; Nakai, Fl. Kor. 2: 29. 1911: LM. Fl. Kouy-cheou 84. 1914 et Cat. Pl. Yunnan 38. 1915, incl. var. blinii Levl.; Pamp. in Nuov. Giorn. Bot. Ital. n.s. 34: 700. 1927, in Act. Hort. Gothob. 6: 77. 1930 et in Lav. Inst. Bot. Univ. Cagl. 40: 570. 194010 incl. f. genuina Pamp., excl. syn., f. nana Pamp. et f. microcephala Pamp. et var. grandis Pamp. Komar. et Alis. Key Pl. Far East. Reg. USSR 2: 1032. 1932; Ling in Contr. Inst. Bot. Nat. Acad. Peip. 2(10): 506. 1934, incl. f. genuina Pamp.; Chen in Bull. Fan Mem. Biol. 5: 64. 1934, incl. f. genuina Pamp.; Hand.-Mazz. Symb. Sin. 7: 1116. 1936, incl. var. grandis Pamp. et f. genuina Pamp.; Kitag. Lineam. Fl. Mansh. 433. 1939; Kitam. in Mem. Coll. Sci. Kyoto Univ. ser. B. 15 (3): 434. 1940, in Trans. Sapp. Nat. Hist. Soc. 16: 62 1940, in Kihara, Fau. Fl. Nep. Himal. 1: 246. 952一195 3, Fl. Pl. Pakistan 143. 1964 et in Act. Phvtotax. Geobot. 23r (1-2): 12. 1968; 东北植物检索表394,图版136. 图5. 1959; Poljak. Фл. СССР 26: 517. 1961; S. Y. Hu in Quart. Journ. Taiwan Mus. 18 (3-4): 259. 1965, incl. var. grandis Pamp. et var. blinii Levl.; Filat. Фл. Каэах. 9: 103, Tab. 11. fig. 3. 1966; Noda, Fl. N.-E. Prov. (Manch.) China 1222. 1971; Nasir et Ali, Fl. W. Pakistan 719. 19 72; 中国高等植物图鉴4: 522,图6458. 1975, incl. f. grandis Pamp.; Lauen. in Not. Bot. Gard. Edinb. 34 (3): 356. 1976: Tutin et al. Fl. Europ. 4: 180. 1976; 西藏植物志4: 747,图321. 1985. ——A. moxa DC. l. c. 6: 121. 1838.; Maxim. in Bull. Acad. Sci. Petersb. 8: 539. 1872; Forb. et Hemsl. l. c. 23: 444. 1888; S.Y. Hu, 1. c. 18 (3-4): 246. 1965. ——A. koreana Nakai in Bot. Mag. Tokyo 23: 186. 1909, Fl. Kor. 2: 28. 1911 et Fl. Sylv. Kor. 14: 100. 1923; 东北植物检索表3969图版136. 图7.1959. ——A. chrysolepis Kitag. in Rep. First Sci. Exped. Manch. 4 (2): 35, fig. 7. 1935 et Lineam. Fl. Mansh. 424. 1939; 东北植物检索表395. 1959. ——A. sparsa Kitag. l. c. 4 (2): 37, fig. 8. 1935. ——Absinthium sieversianum Bess. in Bull. Soc. Nat. Mosc. 1 (8): 259. 1829. 
     一、二年生草本。主根单一，垂直，狭纺锤形。茎单生，直立，高50-150厘米，细，有时略粗，稀下部稍木质化，基部直径可达2厘米，纵棱明显，分枝多；茎、枝被灰白色微柔毛。下部与中部叶宽卵形或宽卵圆形，两面被微柔毛，长4-8(-13）厘米，宽3-6(-15)厘米，二至三回羽状全裂，稀为深裂，每侧有裂片2-3枚，裂片常再成不规则的羽状全裂或深裂，基部侧裂片常有第三次分裂，小裂片线形或线状披针形，长2-10毫米，宽1-1.5(-2）毫米，有时小裂片边缘有缺齿，先端钝或渐尖，叶柄长（1-）2-4厘米，基部有小型羽状分裂的假托叶；上部叶及苞片叶羽状全裂或不分裂，而为椭圆状披针形或披针形，无柄。头状花序大，多数，半球形或近球形，直径（3-）4-6毫米，具短梗，稀近无梗，基部常有线形的小苞叶，在分枝上排成总状花序或复总状花序，而在茎上组成开展或略狭窄的圆锥花序；总苞片3-4层，近等长，外层、中层总苞片长卵形或椭圆形，背面被灰白色微柔毛或近无毛，中肋绿色，边缘狭膜质，内层长椭圆形，膜质；花序托凸起，半球形，有白色托毛；雌花2(-3)层，20-30朵，花冠狭圆锥状，檐部具（2-）3-4裂齿，花柱线形，略伸出花冠外，先端2叉，叉端钝尖；两性花多层，80-120朵，花冠管状，花药披针形或线状披针形，上端附属物尖，长三角形，基部有短尖头，花柱与花冠等长，先端叉开，叉端截形，有睫毛。瘦果长圆形。花果期6-10月。  
     广布于温带或亚热带高山地区。我国自黑龙江、吉林、辽宁、内蒙古、河北、山西、陕西、宁夏、甘肃、青海、新疆至四川、贵州、云南及西藏等省区有分布，山东、江苏等省有栽培；东北、华北、西北省区分布在海拔500-2 200米地区，西南省区最高分布到海拔4 200
米地区，多生于路旁、荒地、河漫滩、草原、森林草原、干山坡或林缘等，局部地区成片生长，为植物群落的建群种或优势种。朝鲜（北部）、日本（北部）、蒙古、阿富汗、巴基斯坦（北部）、印度（北部）、克什米尔地区及苏联（中亚、西伯利亚及欧洲部分）等都有，最高分布到海拔4 5010米地区。模式标本采自苏联西伯利亚。
    本种植株大小，叶形状，头状花序大小，排列方式等变异大。有的学者曾分为若干变种或变型。据作者在西北、华北、东北及西南考察并结合标本研究，发现这些变异乃是生长在不同生态环境中所产生的体态变异，甚至在同一小区域里也常出现其变异，如在水湿条件好的环境里，其植株高可达1.5米，植株各部分近无毛，叶长可达6-13厘米，宽4-15厘米，其小裂片宽可达3-4毫米，头状花序在茎上排成开展的圆锥花序；而在干燥的环境里生长的植株通常矮小，高20-30厘米，植株各部分被毛多，叶小，长4-5厘米，宽3-4厘米，其小裂片亦狭窄，宽仅1-2毫米，头状花序小，在茎上排成狭窄的圆锥花序。等，这些特征在小区域内随水湿条件呈过度性变化，同样能观察到其特征也有过度性的变化。所以前人建立的变种与变型均应予以归并。
    含挥发油，并含内醋类及薁类 (azulens) 物质。民间入药，有消炎、清热、止血之效；
  高原地区用于治疗太阳紫外线辐射引起的灼伤。牧区作牲畜饲料。"
驼绒藜	"10．驼绒藜属*——Ceratoides (Tourn.) Gagnebin
    Gagnebin in Acta Helvetica 2: 59. 1755.——Eurotia Adans. in Fam. Pl. 2: 260. 1763. ——Krascheninnikovia Gueldenst. in Novi Comm. Acad. Sci. Petrop. 16: 548. 1772. 
    多年生植物，灌木，直立或呈垫状，全体密被星状毛，后期毛部分脱落。叶互生，单生或成束，具柄，柄平直或呈舟状；叶片扁平，条形、条状披针形至卵圆形，先端钝或圆形，基部楔形、圆形或心脏形，全缘；叶脉明显或不显，1脉或羽状。花单性，同株。雄花无柄，数朵成簇在枝和小枝顶部构成念珠状或头状花序，无苞片和小苞片; 花被片4, 膜质，基部稍联合，裂片卵形或椭圆形，背部被星状毛；雄蕊4，与花被对生，花药矩圆形，2室，纵裂，花丝条形，伸出被外；无花盘和子房。雌花无柄，1-2朵腋生，具苞片，无花被；小苞片2，合生成雌花管，侧扁，椭圆形或倒卵形，上部分裂成2个角状或兔耳状裂片，果时管外具四束长毛或短毛（实为星状毛，仅其中一支射毛较长）；子房无柄，椭圆形，密被具一支长射毛的星状毛，花柱短，柱头2，密被毛状突起，伸出管外。果实直生，内藏，扁平，椭圆形或狭倒卵形，上部被毛，果皮膜质，不与种皮相联。种子直生，与果同形，种皮膜质；胚马蹄形，胚根向下。
    本属6-7种，除2种产于北美洲西部外余者皆分布于欧亚大陆，其中以亚洲中部最多。我国产4种和1变种，主要分布于东北、华北、西北和青藏高原。
    我国过去称本属为优若藜属Eurotia Adans,由于此名称为晚出名而被废弃，故采用现用名称。"
猫头刺	"组1. 猫头刺组 Sect. Leucotriche Bunge in Mem. Acad. Sci. St. Petersb. ser. 7. 22 (1): 134. 1874; E. Pet. -Stib. in Acta Hort. Gothob. 12: 82. 1937.
     小灌木，分枝多，常成垫状形的灌丛，被贴伏绢状疏柔毛。偶数羽状复叶；托叶彼此合生，与叶柄贴生；叶柄于小叶落时硬化成细刺；小叶4-6，先端具刺。总状花序具少花，总花梗腋生，缩短；花萼于结果前膨大，结果后为荚果所撕裂。荚果硬革质，略呈坚果状，不完全2室，开裂。
    组名模式：猫头刺 Oxytropis aciphylla Ledeb.
    本组仅1种及1变种，分布于我国西北部的荒漠草原地区。为干燥沙质荒漠的建群种。俄罗斯西西伯利亚、蒙古南部也有分布。"
白刺	"1.白刺属Nitraria L.
            L. Sp. Pl. 1022. 1753. nom. et Syst. Nat. ed. 10. 2: 1044. 1759.
        灌木，高0.5-2米。枝先端常成硬针刺。单叶质厚、肉质、全缘或顶端齿裂；托叶小。顶生或腋生聚伞花序，蝎尾状；花小，白色或黄绿色；萼片5，花瓣5；雄蕊10-15；子房上位，3室，柱头卵形。浆果状核果，外果皮薄，中果皮肉质多浆，内果皮骨质。
        本属模式种：小果白刺 Nitraria sibirica Pall.
        本属11种，分布于亚洲、欧洲、非洲和澳大利亚；我国有6种和1变种。主要分布于西北各省，生于盐渍化沙地。常为建群种，特别在沙区为优良固沙植物。
        本属耐干旱、抗风沙。其嫩枝和表皮细胞外壁角质层较厚，为2.1-2.5微米。气孔下陷，叶肉细胞栅栏组织发达。叶绿体含量大，有利于积累养分，富含晶细胞和粘液细胞，有利于改变细胞渗透压、提高贮水力。维管组织比较小，而皮层较宽，这对保护维管组织免受旱害有利。有发达的纤维组织，有利于抗风蚀和抗沙害。含大量灰分和盐分并积累丰富的Al. Mg. Fe. Ti. Mn等元素。据孢粉分析，萌发孔为三孔沟，沟长达两极，个体大而长，极轴与赤道轴之比大于1.5；花粉外壁厚，厚3.0-5.2微米，形近橄榄状或长球状，两极浑圆、赤道部向外鼓。表现出年轻种的特征。"
木本猪毛菜	"5.木本猪毛菜 图版36: 10-11
     Salsola arbuscula Pall. Reise 1: 488. t. G. f. 1. 1771; Iljin in Fl. URSS 6: 237. t. 11. f. 9. 1936; Полояк. in Фл. Казахст. 3: 266. t. 27. f. 6. 1960; Grubov, Pl. Asiae Centr. 2: 89. 1966;中国高等植物图鉴1: 594. f. 1188. 1972. 
    小灌木，高40-100厘米，多分枝; 枝条开展，老枝淡灰褐色，有纵裂纹，小枝平滑，乳白色。叶互生，老枝上的叶簇生于短枝的顶部，叶片半圆柱形，长1-3厘米，宽1-2毫米，淡绿色，无毛，顶端钝或尖，基部扩展而隆起，乳白色，扩展处的上部缢缩成柄状，叶片自缢缩处脱落，枝条上留有明显的叶基残痕。花序穗状；苞片比小苞片长；小苞片卵形，顶端尖，基部的边缘为膜质，比花被长或与花被等长; 花被片矩圆形，顶端有小凸尖，背部有1条明显的中脉，果时自背面中下部生翅；翅3个为半圆形，膜质，有多数细而明显的脉，2个较狭窄，花被果时（包括翅）直径为8-12毫米；花被片在翅以上部分，向中央聚集，包覆果实，上部膜质，稍反折，成莲座状；花药附属物狭披针形，顶端急尖；柱头钻状，长为花柱的2-4倍。种子横生。花期7-8月，果期9-10月。
     产新疆、宁夏、内蒙古、甘肃西部。生于山麓、砾质荒漠。伊朗、蒙古、苏联亦有分布。"
霸王	"4. 霸王属 Sarcozygium Bunge
              Bunge in Linnaea, 17: 7. 1843; Engl. Pflanzefam. 19, a: 1931.——Zygophyllum. L. Subgen. Euzygophyllum Popov in Bull. Univ. Asie Centr. 12: 105 1926.——Zygophyllum L. Subgen. Sarcozygium (Bunge) Boriss. in Fl. URSS 14: 184. 1949.
        灌木，枝弯曲，先端具刺尖；叶在老枝上簇生，幼枝上1对对生；花1-2朵生于叶腋，萼片4、花瓣4；蒴果具3翅、翅纸质。分布于亚洲中部和中亚地区。我国有2种。
        本属模式种：霸王Sarcozygium xanthoxylon Bunge."
珍珠	"v. 珍珠茅族——Sclerieae Dumort. 
    Dumort. Anal. Famil.  (1829 ) 64——Scleriae C. B. Clarke in Kew Bull. Add. Ser. VIII (1906 ) 131. 
    多年生草本，少有一年生，多数具匍匐根状茎。叶稈生，或有时兼基生。多数为圆锥花序，少有穗状花序或间断的穗状花序，极少为腋生的小头状花序；苞片通常叶状，小苞片刚毛状或鳞片状；小穗单性或两性，通常具十多片鳞片（少有2-3片）和数单性花；鳞片具花或不具花；小穗两性者下部具1朵雌花，其上具1至数朵雄花；下位刚毛或下位鳞片缺如。小坚果具柄，骨质，一般具下位盘，少数下位盘不发育。"
狭叶锦鸡儿	"47. 狭叶锦鸡儿（中国主要植物图说?豆科）皮溜刺（宁夏中卫），母猪刺（陕西榆林）
图版14: 8-14
    Caragana stenophylla Pojark. in Kom. Fl. USSR 11: 397, 344. 1955; 中国主要植物图说?豆科331. 1955; 中国高等植物图鉴2: 406. 图2542. 1972; 内蒙古植物志3: 168. 1972. ——C. pygmaea (Linn.) DC. var. pallasiana Kom. in Acta Hort. Petrop. 29: 241. 1909; 中国沙漠植物志2: 212. 图75 (1-6). 1987.
    矮灌木，高30-80厘米。树皮灰绿色，黄褐色或深褐色；小枝细长，具条棱，嫩时被短柔毛。假掌状复叶有4片小叶；托叶在长枝者硬化成针刺，刺长2-3毫米；长枝上叶柄硬化成针刺，宿存，长4-7毫米，直伸或向下弯，短枝上叶无柄，簇生；小叶线状披针形或线形，长4-11毫米，宽1-2毫米，两面绿色或灰绿色，常由中脉向上折叠。花梗单生，长5-10毫米，关节在中部稍下；花萼钟状管形，长4-6毫米，宽约3毫米，无毛或疏被毛，萼齿三角形，长约1毫米，具短尖头；花冠黄色，旗瓣圆形或宽倒卵形，长14-17 (20) 毫米，中部常带橙褐色，瓣柄短宽，翼瓣上部较宽，瓣柄长约为瓣片的1/2，耳长圆形，龙骨瓣的瓣柄较瓣片长1/2，耳短钝；子房无毛。荚果圆筒形，长2-2.5厘米，宽2-3毫米。花期4-6月，果期7-8月。
    产东北、内蒙古、河北、山西、陕西、宁夏、甘肃西北部、新疆东部及北部。生于沙地、黄土丘陵、低山阳坡。原苏联和蒙古也有分布。模式标本采自黑龙江呼伦池附近。
    性耐干旱，为良好的固沙和水土保持植物。"
荒漠锦鸡儿	"25. 荒漠锦鸡儿（内蒙古植物志）洛氏锦鸡儿（中国主要植物图说?豆科），猫耳刺（宁夏），枯木要里（藏）图版9：13-19
    Caragana roborovskyi Kom. in Acta Hort. Petrop. 29: 280.t. 8 (B). 1909; 中国主要植物图说?豆科340. 图332. 1955; 内蒙古植物志2: 172. 图版87. 1977; 中国沙漠植物志2: 221. 1987.
    灌木，高0.3-1米，直立或外倾，由基部多分枝。老枝黄褐色，被深灰色剥裂皮；嫩枝密被白色柔毛。羽状复叶有3-6对小叶；托叶膜质，被柔毛，先端具刺尖；叶轴宿存，全部硬化成针刺，长1-2.5厘米，密被柔毛；小叶宽倒卵形或长圆形，长4-10毫米，宽3-5毫米，先端圆或锐尖，具刺尖，基部楔形，密被白色丝质柔毛。花梗单生，长约4毫米，关节在中部到基部，密被柔毛；花萼管状，长11-12毫米，宽4-5毫米，密被白色长柔毛，萼齿披针形，长约4毫米；花冠黄色，旗瓣有时带紫色，倒卵圆形，长23-27毫米，宽12-13毫米，基部渐狭成瓣柄，翼瓣片披针形，瓣柄长为瓣片的1/2，耳线形，较瓣柄略短，龙骨瓣先端尖，瓣柄与瓣片近相等，耳圆钝，小；子房被密毛。荚果圆筒状，长2.5-3厘米，被白色长柔毛，先端具尖头，花萼常宿存。花期5月，果期6-7月。
    产内蒙古西部、宁夏、甘肃、青海东部、新疆。生于干山坡、山沟、黄土丘陵、沙地。天山也有分布。模式标本采自青海祁连山。"
